country,location_code,year,mean,lower,upper
Afghanistan,2,2000,63.8,58.6,68.7
Afghanistan,2,2001,63.8,58.4,68.7
Afghanistan,2,2002,63.9,58.6,68.9
Afghanistan,2,2003,65.4,60.4,70.1
Afghanistan,2,2004,65.6,60.4,70.6
Afghanistan,2,2005,66,60.9,70.7
Afghanistan,2,2006,66.4,61.5,71.1
Afghanistan,2,2007,67.2,62.3,72.1
Afghanistan,2,2008,65.6,60.8,70.4
Afghanistan,2,2009,67.4,62.6,71.9
Afghanistan,2,2010,66.3,61.2,70.7
Afghanistan,2,2011,65.7,62,69.3
Afghanistan,2,2012,65.2,60.1,69.9
Afghanistan,2,2013,64.8,59.7,69.2
Afghanistan,2,2014,64.5,59.4,69.3
Afghanistan,2,2015,64.2,59.2,68.8
Afghanistan,2,2016,63.3,59.5,67.1
Afghanistan,2,2017,64.4,59.6,68.9
Afghanistan,2,2018,63.5,58.3,68.5
Albania,6,2000,64.1,51.2,75.1
Albania,6,2001,62.5,49.9,73.6
Albania,6,2002,60.4,48.5,71.5
Albania,6,2003,63,51.7,73
Albania,6,2004,63.7,53.2,73.5
Albania,6,2005,73.5,65.1,80.9
Albania,6,2006,72.8,64.2,80.3
Albania,6,2007,72.3,63.7,79.9
Albania,6,2008,73.5,65.4,80.4
Albania,6,2009,71.3,63,78.5
Albania,6,2010,78.6,71.7,84.7
Albania,6,2011,78,71.1,84
Albania,6,2012,77.4,70.5,83.6
Albania,6,2013,77.4,70.2,83.3
Albania,6,2014,74.7,67.4,81.3
Albania,6,2015,75.1,68,81.4
Albania,6,2016,73.9,66.7,80.1
Albania,6,2017,73,65.7,79.5
Albania,6,2018,72.2,65.3,78.3
Algeria,65,2000,56.7,40.6,71.5
Algeria,65,2001,56.7,43.3,70.3
Algeria,65,2002,57.1,44.8,67.9
Algeria,65,2003,56.6,48.9,63.9
Algeria,65,2004,63,52,73.7
Algeria,65,2005,63.2,50.6,75.8
Algeria,65,2006,61.2,46.5,75.2
Algeria,65,2007,62.4,47.1,76.2
Algeria,65,2008,62.1,47.1,76.8
Algeria,65,2009,62.2,46.9,76.6
Algeria,65,2010,62.3,47.9,75.6
Algeria,65,2011,62.8,49.5,75.4
Algeria,65,2012,63.7,53.5,74.2
Algeria,65,2013,65.3,58.1,72.1
Algeria,65,2014,64.4,53.3,75.3
Algeria,65,2015,63.9,50,76.6
Algeria,65,2016,63.4,48,77.7
Algeria,65,2017,60.3,42.9,75.9
Algeria,65,2018,60.5,42,77.2
American Samoa,11,2000,50.9,17.2,84.9
American Samoa,11,2001,50.3,16.9,83.8
American Samoa,11,2002,50.5,17.2,83.6
American Samoa,11,2003,51.1,18.1,83.3
American Samoa,11,2004,50.3,17.9,83.7
American Samoa,11,2005,50.9,18.5,83.8
American Samoa,11,2006,49.9,18.3,83.5
American Samoa,11,2007,51,19,83.2
American Samoa,11,2008,51.4,20.4,83.4
American Samoa,11,2009,52.5,21.2,82.4
American Samoa,11,2010,51.8,19.5,83.5
American Samoa,11,2011,50.7,18.6,83.7
American Samoa,11,2012,50,16.3,82.5
American Samoa,11,2013,50.5,16.2,82.5
American Samoa,11,2014,50.8,17.4,82
American Samoa,11,2015,50.9,17.7,84.3
American Samoa,11,2016,51.2,16.5,83.2
American Samoa,11,2017,51.4,16.5,83.8
American Samoa,11,2018,51,17.3,84.1
Angola,3,2000,32.9,21.4,46.3
Angola,3,2001,35.2,22.8,49
Angola,3,2002,35.9,23.5,49.8
Angola,3,2003,35,22.9,48.3
Angola,3,2004,35.2,23,49.3
Angola,3,2005,34.3,22.2,48.8
Angola,3,2006,34.9,23.1,49
Angola,3,2007,34.3,22.3,47.7
Angola,3,2008,36.4,24.2,50.7
Angola,3,2009,38,25.4,52.7
Angola,3,2010,38.9,26.5,53.8
Angola,3,2011,39.7,27.2,54.4
Angola,3,2012,39.7,27,53.9
Angola,3,2013,41.2,28.8,56.3
Angola,3,2014,41.6,29.4,56.2
Angola,3,2015,41.5,29.3,56.9
Angola,3,2016,42.5,30.4,57.7
Angola,3,2017,43.1,30.4,58.5
Angola,3,2018,43.2,30.3,58.3
Armenia,10,2000,50.2,39.3,61.4
Armenia,10,2001,53.9,43.2,65
Armenia,10,2002,52.8,42,64.1
Armenia,10,2003,52.3,41.5,63.6
Armenia,10,2004,50.8,40.9,62.2
Armenia,10,2005,48.4,38.4,59.6
Armenia,10,2006,46,36.1,56.7
Armenia,10,2007,43.9,34.6,54.8
Armenia,10,2008,45.9,36.8,55.8
Armenia,10,2009,46.9,38.2,56.9
Armenia,10,2010,45.1,37.6,53.3
Armenia,10,2011,50.2,40.9,59.7
Armenia,10,2012,48.9,39.2,58.6
Armenia,10,2013,48.4,38.4,58.6
Armenia,10,2014,48.5,38.4,59.4
Armenia,10,2015,47.8,37.8,58.9
Armenia,10,2016,47.4,37.7,58.5
Armenia,10,2017,46.5,36.7,58.1
Armenia,10,2018,45.5,34.8,57
Azerbaijan,17,2000,61.2,27.4,89
Azerbaijan,17,2001,61.8,28.8,89.2
Azerbaijan,17,2002,62.1,29.6,89.1
Azerbaijan,17,2003,62.1,29.1,89.4
Azerbaijan,17,2004,63.1,30.1,90.1
Azerbaijan,17,2005,63.4,30.7,90.2
Azerbaijan,17,2006,63.4,30,90.4
Azerbaijan,17,2007,63,29.4,90.1
Azerbaijan,17,2008,63.8,30.2,90.3
Azerbaijan,17,2009,63.8,30.2,90.3
Azerbaijan,17,2010,65.5,31.5,90.9
Azerbaijan,17,2011,63.6,30.2,90
Azerbaijan,17,2012,60.9,28.8,89.1
Azerbaijan,17,2013,58.8,25.9,88
Azerbaijan,17,2014,48,18.4,80.7
Azerbaijan,17,2015,47.7,18.5,80.4
Azerbaijan,17,2016,47.6,18.6,80.1
Azerbaijan,17,2017,47.1,18.1,79.6
Azerbaijan,17,2018,47.5,18.1,79.8
Bangladesh,23,2000,55.6,45.6,65.1
Bangladesh,23,2001,65.1,49.5,78.5
Bangladesh,23,2002,66.7,51,79.9
Bangladesh,23,2003,68.5,53.4,81.3
Bangladesh,23,2004,69.5,54.7,82.2
Bangladesh,23,2005,70.5,55.9,83.4
Bangladesh,23,2006,69,55,81.3
Bangladesh,23,2007,70.8,55.9,83.1
Bangladesh,23,2008,71,55.9,83.6
Bangladesh,23,2009,69.3,53.3,81.5
Bangladesh,23,2010,66.2,53.1,77.7
Bangladesh,23,2011,69.3,55.3,80.8
Bangladesh,23,2012,69.4,59.7,77.9
Bangladesh,23,2013,77.1,68.4,84.3
Bangladesh,23,2014,66.2,56.3,75.1
Bangladesh,23,2015,71.5,56.6,83.2
Bangladesh,23,2016,71,56.2,82.8
Bangladesh,23,2017,72.6,60,83.2
Bangladesh,23,2018,72.7,58.7,83.8
Belarus,29,2000,67.9,61,74.5
Belarus,29,2001,72.2,66,78
Belarus,29,2002,72.7,66.5,78.2
Belarus,29,2003,70.5,64.3,76.1
Belarus,29,2004,70.9,65,76.9
Belarus,29,2005,70.1,64,75.9
Belarus,29,2006,73.5,67.5,79.1
Belarus,29,2007,76.2,70.5,81.3
Belarus,29,2008,75.3,69.7,80.7
Belarus,29,2009,79.8,74.6,84.3
Belarus,29,2010,79.8,74.6,84.5
Belarus,29,2011,78.9,73.5,83.4
Belarus,29,2012,76.8,71.1,81.4
Belarus,29,2013,70.7,63.9,76.2
Belarus,29,2014,72.6,65.5,78
Belarus,29,2015,78.9,73,83.5
Belarus,29,2016,79.4,73.2,84.2
Belarus,29,2017,79.3,72.9,84.3
Belarus,29,2018,79.2,73.1,84.2
Belize,30,2000,43.9,35.6,52.4
Belize,30,2001,45,36.9,52.6
Belize,30,2002,46.1,38.3,53.9
Belize,30,2003,44.4,36.7,52.2
Belize,30,2004,44.7,37.1,52.5
Belize,30,2005,45.8,38.4,52.9
Belize,30,2006,45.8,38.5,52.5
Belize,30,2007,46.5,39.1,53.6
Belize,30,2008,48.5,41.1,56
Belize,30,2009,48.4,41.2,55.7
Belize,30,2010,48.1,41,55.7
Belize,30,2011,45.9,39,52.8
Belize,30,2012,46.4,39.6,53.3
Belize,30,2013,44.9,38.1,51.6
Belize,30,2014,44.9,37.9,51.7
Belize,30,2015,45.6,38.3,51.8
Belize,30,2016,46.3,39.7,52.9
Belize,30,2017,45.6,38.8,52.6
Belize,30,2018,45.6,38.7,52.4
Benin,20,2000,28.4,18.2,39.2
Benin,20,2001,29.8,17.2,43.6
Benin,20,2002,30,16.9,45.8
Benin,20,2003,30.6,17.4,45.9
Benin,20,2004,31.4,18.6,47.7
Benin,20,2005,31.3,19.7,45.2
Benin,20,2006,30.6,19.9,43.3
Benin,20,2007,34,22.6,46.4
Benin,20,2008,31.9,21,44
Benin,20,2009,36.7,23.9,52.3
Benin,20,2010,42,29.8,54.9
Benin,20,2011,42.5,31.5,53.6
Benin,20,2012,38.6,32.7,45.8
Benin,20,2013,36.7,25.1,49.5
Benin,20,2014,35.1,29,41.2
Benin,20,2015,29.7,19.6,40.6
Benin,20,2016,27.7,17,40.5
Benin,20,2017,25.2,17.4,35.1
Benin,20,2018,30.1,24.4,36.2
Bhutan,36,2000,39.2,28.6,50.8
Bhutan,36,2001,44.2,26.8,61.8
Bhutan,36,2002,45.2,29.6,62.4
Bhutan,36,2003,46.1,29.4,62
Bhutan,36,2004,46.5,30.1,63.4
Bhutan,36,2005,47.9,31.6,65.3
Bhutan,36,2006,48.1,31.4,64.8
Bhutan,36,2007,48.7,31.2,66.7
Bhutan,36,2008,50.5,34.1,67.9
Bhutan,36,2009,51.4,34.3,67.3
Bhutan,36,2010,53.4,42.2,64.4
Bhutan,36,2011,49,35.2,62.9
Bhutan,36,2012,51,38.3,64.4
Bhutan,36,2013,55.2,41.2,68.6
Bhutan,36,2014,54.8,43.4,65.7
Bhutan,36,2015,53.3,35.9,69.5
Bhutan,36,2016,55.5,38.4,71.9
Bhutan,36,2017,54.8,40.7,68.9
Bhutan,36,2018,55.6,39.7,71.5
Bolivia,32,2000,47.1,30.8,63.8
Bolivia,32,2001,47.3,30.6,64.4
Bolivia,32,2002,47.7,30.7,64.1
Bolivia,32,2003,47.2,30.7,63.6
Bolivia,32,2004,47,30.8,63.5
Bolivia,32,2005,46.5,30.4,62.9
Bolivia,32,2006,46.1,29.1,62.6
Bolivia,32,2007,45.7,30.3,61.2
Bolivia,32,2008,45.2,29.6,60.7
Bolivia,32,2009,46.1,30.8,62.2
Bolivia,32,2010,47.3,31.3,62.9
Bolivia,32,2011,46.4,31,62.4
Bolivia,32,2012,47,30.7,62.6
Bolivia,32,2013,48.5,32.7,64.5
Bolivia,32,2014,49.3,33.5,65
Bolivia,32,2015,50,34.5,65.6
Bolivia,32,2016,46.4,30.8,61.5
Bolivia,32,2017,46.4,31.1,61.9
Bolivia,32,2018,47.5,31.5,63
Bosnia and Herzegovina,27,2000,75.5,68.3,81.9
Bosnia and Herzegovina,27,2001,76.3,69.1,82.4
Bosnia and Herzegovina,27,2002,75.5,68.5,81.3
Bosnia and Herzegovina,27,2003,77.1,70.8,82.6
Bosnia and Herzegovina,27,2004,75.6,69.3,81.7
Bosnia and Herzegovina,27,2005,72.4,65.8,78.7
Bosnia and Herzegovina,27,2006,76.2,70.3,81.4
Bosnia and Herzegovina,27,2007,75.8,69.5,81.4
Bosnia and Herzegovina,27,2008,76.4,70.5,82.1
Bosnia and Herzegovina,27,2009,77.4,71.5,82.8
Bosnia and Herzegovina,27,2010,77.7,71.9,83.1
Bosnia and Herzegovina,27,2011,78.4,72.7,83.6
Bosnia and Herzegovina,27,2012,76.6,70.8,81.9
Bosnia and Herzegovina,27,2013,74.1,67.6,80.1
Bosnia and Herzegovina,27,2014,73.7,66.9,80
Bosnia and Herzegovina,27,2015,78.3,72,83.9
Bosnia and Herzegovina,27,2016,80.3,74.3,85.9
Bosnia and Herzegovina,27,2017,79.3,72.8,85.2
Bosnia and Herzegovina,27,2018,79.3,72.7,85.2
Botswana,38,2000,41.1,32.5,50
Botswana,38,2001,38.1,29.2,46.8
Botswana,38,2002,41.1,32,50
Botswana,38,2003,40.9,32.2,50.1
Botswana,38,2004,38,29.7,47.2
Botswana,38,2005,41.6,32.8,51.4
Botswana,38,2006,43.8,34.8,53.7
Botswana,38,2007,44.4,35.5,53.8
Botswana,38,2008,44.6,35.6,54.6
Botswana,38,2009,44.9,35.9,54.5
Botswana,38,2010,45.3,35.3,55.1
Botswana,38,2011,45.6,36.7,55.4
Botswana,38,2012,43.4,34.6,53
Botswana,38,2013,42.5,33.9,51.9
Botswana,38,2014,44,35,53
Botswana,38,2015,41.2,32.2,51
Botswana,38,2016,40.2,31.4,49.6
Botswana,38,2017,39,29.8,48.4
Botswana,38,2018,39.5,30.7,48.7
Brazil,33,2000,48.5,34.1,62.4
Brazil,33,2001,48.7,35,62.2
Brazil,33,2002,48.7,34.9,62.3
Brazil,33,2003,48.7,34.7,62
Brazil,33,2004,48.2,34.1,61.4
Brazil,33,2005,48.5,34.8,62
Brazil,33,2006,48.6,34.9,62.6
Brazil,33,2007,48.8,34.9,62.9
Brazil,33,2008,48.7,34.8,62.8
Brazil,33,2009,48.7,35.3,62.4
Brazil,33,2010,49.1,35.1,63.1
Brazil,33,2011,49.1,35,62.7
Brazil,33,2012,49.4,34.7,62.9
Brazil,33,2013,50.1,36,63.8
Brazil,33,2014,50.5,36.2,64.3
Brazil,33,2015,51.3,36.7,65
Brazil,33,2016,51.8,37.7,65.2
Brazil,33,2017,51.6,36.9,65.2
Brazil,33,2018,51.4,36.8,64.5
Bulgaria,24,2000,63.4,27.2,90.6
Bulgaria,24,2001,65.5,29.4,91.4
Bulgaria,24,2002,65.1,29.9,91.2
Bulgaria,24,2003,65,29.4,91.3
Bulgaria,24,2004,65.2,29.2,91.4
Bulgaria,24,2005,66.8,30.9,92
Bulgaria,24,2006,65.1,28.7,91.1
Bulgaria,24,2007,63.3,26.8,90.4
Bulgaria,24,2008,70.2,34,93
Bulgaria,24,2009,71.2,35.4,93.5
Bulgaria,24,2010,71.8,36.4,93.7
Bulgaria,24,2011,71.3,36.5,93.6
Bulgaria,24,2012,66.8,31.4,92.4
Bulgaria,24,2013,67.8,33,92.7
Bulgaria,24,2014,70.6,36,93.5
Bulgaria,24,2015,65.9,31.6,92.1
Bulgaria,24,2016,65.7,31,91.9
Bulgaria,24,2017,64.5,29.4,91.5
Bulgaria,24,2018,64.1,28.5,91.3
Burkina Faso,22,2000,47.9,29.4,66.3
Burkina Faso,22,2001,49.2,31.1,68
Burkina Faso,22,2002,50.6,33,69.4
Burkina Faso,22,2003,50.9,33.5,66.7
Burkina Faso,22,2004,51.2,34.1,68.3
Burkina Faso,22,2005,51.3,36.3,65.9
Burkina Faso,22,2006,52.1,43.6,60.7
Burkina Faso,22,2007,52.4,38.3,65.8
Burkina Faso,22,2008,53.7,39.7,66.3
Burkina Faso,22,2009,53.6,36.3,69.1
Burkina Faso,22,2010,53,37,68.6
Burkina Faso,22,2011,50.8,36.6,64.9
Burkina Faso,22,2012,48.9,33.7,65.8
Burkina Faso,22,2013,52.7,36.5,69.9
Burkina Faso,22,2014,58.3,41.9,73.9
Burkina Faso,22,2015,49.2,32.7,65.4
Burkina Faso,22,2016,48.8,32.1,66.1
Burkina Faso,22,2017,49.8,31,67.4
Burkina Faso,22,2018,48.3,30.8,65.8
Burundi,18,2000,39.6,28.8,50.5
Burundi,18,2001,38.3,27.6,48.9
Burundi,18,2002,42,31.1,53.2
Burundi,18,2003,38.9,28.5,49.6
Burundi,18,2004,29.6,21.7,38.2
Burundi,18,2005,27.2,22.9,32
Burundi,18,2006,31,23.1,39.6
Burundi,18,2007,33.4,24.6,43.4
Burundi,18,2008,35.1,25.6,45.7
Burundi,18,2009,35.5,25.2,46.6
Burundi,18,2010,34.5,25.3,44.7
Burundi,18,2011,34.9,25,46.5
Burundi,18,2012,35.4,24.9,47
Burundi,18,2013,34.3,24.1,46.3
Burundi,18,2014,34.3,24.4,45.6
Burundi,18,2015,34.5,23.7,45.3
Burundi,18,2016,32.6,23,43.5
Burundi,18,2017,33.8,23.2,44.5
Burundi,18,2018,35,24.6,45.5
Cambodia,120,2000,62.7,51.3,73.4
Cambodia,120,2001,67.2,56.8,76.7
Cambodia,120,2002,70.8,60.7,79.8
Cambodia,120,2003,72.3,62.8,80.7
Cambodia,120,2004,66.4,56.6,75.6
Cambodia,120,2005,68.6,58.6,77.6
Cambodia,120,2006,68.4,58.7,77.9
Cambodia,120,2007,68.6,59.3,77.5
Cambodia,120,2008,66.3,56.2,75.1
Cambodia,120,2009,67,56.5,76
Cambodia,120,2010,68,57.6,76.9
Cambodia,120,2011,66.8,58,75
Cambodia,120,2012,68.9,60.4,76.8
Cambodia,120,2013,78.3,71.8,83.9
Cambodia,120,2014,81.2,76.6,85.4
Cambodia,120,2015,80.3,73.9,85.9
Cambodia,120,2016,79.2,72.2,85.2
Cambodia,120,2017,77.6,70.6,83.8
Cambodia,120,2018,77.2,69.6,83.6
Cameroon,46,2000,38.4,27.8,50.6
Cameroon,46,2001,38.8,26,53.8
Cameroon,46,2002,39.3,25.1,54.7
Cameroon,46,2003,41.2,27.4,56
Cameroon,46,2004,41.8,29,56.1
Cameroon,46,2005,42.8,31.3,55.3
Cameroon,46,2006,44.7,37.9,51.4
Cameroon,46,2007,43.4,32.8,54.2
Cameroon,46,2008,44.3,31.7,57.8
Cameroon,46,2009,46.2,32.5,59.8
Cameroon,46,2010,49.2,36.4,63.1
Cameroon,46,2011,51.5,39.6,63.6
Cameroon,46,2012,48.5,35.3,62.3
Cameroon,46,2013,47,35.4,58.8
Cameroon,46,2014,45.8,38.9,52.3
Cameroon,46,2015,42.7,30.8,54.1
Cameroon,46,2016,41,28.5,54.9
Cameroon,46,2017,38.6,28.1,51.1
Cameroon,46,2018,41.3,28.4,55.2
Cape Verde,52,2000,46.9,18.8,77.9
Cape Verde,52,2001,47.3,19.7,78.4
Cape Verde,52,2002,47.3,19.1,78.1
Cape Verde,52,2003,47.6,19,79
Cape Verde,52,2004,47.6,20.1,78.3
Cape Verde,52,2005,48.3,20.2,79.4
Cape Verde,52,2006,49.2,20.7,79.7
Cape Verde,52,2007,50.1,21.4,80.9
Cape Verde,52,2008,48.6,20.6,79.3
Cape Verde,52,2009,49.1,20.2,79.5
Cape Verde,52,2010,48.6,20.5,79.5
Cape Verde,52,2011,50.2,21.5,81
Cape Verde,52,2012,49.2,20.7,80
Cape Verde,52,2013,50.2,21.5,80.3
Cape Verde,52,2014,50,21.7,80.6
Cape Verde,52,2015,48.8,20,79.8
Cape Verde,52,2016,49.4,20.9,80.1
Cape Verde,52,2017,48.6,20.4,79.4
Cape Verde,52,2018,49.3,21.4,79.6
Central African Republic,39,2000,34.2,23.4,44.5
Central African Republic,39,2001,34.2,24.9,43.8
Central African Republic,39,2002,34.1,25.3,43.7
Central African Republic,39,2003,35.1,26.9,44.1
Central African Republic,39,2004,35,27.1,44.1
Central African Republic,39,2005,35.1,28.3,42.5
Central African Republic,39,2006,35.2,29.7,40.8
Central African Republic,39,2007,35,28.6,41.2
Central African Republic,39,2008,35,28,42.1
Central African Republic,39,2009,34.7,27.7,41.4
Central African Republic,39,2010,33.9,27.5,40.4
Central African Republic,39,2011,33.6,28.1,39
Central African Republic,39,2012,33.8,27.3,40.4
Central African Republic,39,2013,33.8,26.5,41.4
Central African Republic,39,2014,34.1,26.2,42.4
Central African Republic,39,2015,34.8,26.6,43.6
Central African Republic,39,2016,35.1,26.4,44
Central African Republic,39,2017,34.9,26.1,45
Central African Republic,39,2018,34.8,25.3,45.2
Chad,217,2000,31.1,19.3,45.5
Chad,217,2001,30.2,18.6,44.8
Chad,217,2002,29.5,16.9,44.2
Chad,217,2003,28.8,16.9,43.9
Chad,217,2004,28.2,16.6,42.8
Chad,217,2005,27.4,16.1,41.1
Chad,217,2006,26,15.6,38.1
Chad,217,2007,27.9,16.4,40.9
Chad,217,2008,29,18.7,42.9
Chad,217,2009,30.2,20.1,42.4
Chad,217,2010,31.8,25.3,38.7
Chad,217,2011,31.3,21.2,42.2
Chad,217,2012,30.5,18.8,43.5
Chad,217,2013,29.8,18.8,42.8
Chad,217,2014,28.3,17.7,39.9
Chad,217,2015,28.7,17.3,42.4
Chad,217,2016,29.3,17.6,42.7
Chad,217,2017,29.1,17.4,41.9
Chad,217,2018,29.8,17.7,43.8
Colombia,50,2000,51.3,34.6,67.2
Colombia,50,2001,51.8,35.8,67.6
Colombia,50,2002,52.1,36.2,67.4
Colombia,50,2003,52,35.2,67.5
Colombia,50,2004,51.9,35.1,67
Colombia,50,2005,51.7,36.1,67.1
Colombia,50,2006,51.5,35.9,66.6
Colombia,50,2007,51.9,35.7,67.2
Colombia,50,2008,52,36,67
Colombia,50,2009,52.5,36.4,67.9
Colombia,50,2010,53.3,37.9,68.6
Colombia,50,2011,53.4,37.8,68.1
Colombia,50,2012,54.1,38.7,69.5
Colombia,50,2013,54.9,39.9,69.3
Colombia,50,2014,54.6,39.1,69.2
Colombia,50,2015,54.1,38.9,69.5
Colombia,50,2016,53.6,37.6,69.5
Colombia,50,2017,53.3,36.6,69.1
Colombia,50,2018,53.1,36.1,68
Comoros,51,2000,32.8,21.1,45.6
Comoros,51,2001,32.4,21.1,45.4
Comoros,51,2002,32.9,21.8,46
Comoros,51,2003,34.5,23.1,48.1
Comoros,51,2004,33.8,22.5,47.3
Comoros,51,2005,34.4,23.5,46.5
Comoros,51,2006,34.4,22.5,46.3
Comoros,51,2007,32.9,21.6,45.5
Comoros,51,2008,38.4,25.8,51.8
Comoros,51,2009,37.7,25.2,51.3
Comoros,51,2010,37.9,25.7,51
Comoros,51,2011,37.9,25.7,51.2
Comoros,51,2012,40.1,27,53.3
Comoros,51,2013,46.1,33.5,59.7
Comoros,51,2014,46,33.1,59.7
Comoros,51,2015,44.8,32.5,58.8
Comoros,51,2016,43.7,30.9,56.8
Comoros,51,2017,44.7,30.7,57.3
Comoros,51,2018,44.5,30.6,58.6
Costa Rica,53,2000,68.4,59.5,75.9
Costa Rica,53,2001,69.1,60.2,76.9
Costa Rica,53,2002,68.7,59.8,76.5
Costa Rica,53,2003,67.3,58.1,74.8
Costa Rica,53,2004,66.8,58,74.1
Costa Rica,53,2005,67.4,58.9,75
Costa Rica,53,2006,68.2,59.8,75.3
Costa Rica,53,2007,68.5,60.3,75.7
Costa Rica,53,2008,67.9,59.5,75.8
Costa Rica,53,2009,68,60.1,75.3
Costa Rica,53,2010,68.7,61.5,75.7
Costa Rica,53,2011,66.9,59.5,73.9
Costa Rica,53,2012,67.7,60.3,74.7
Costa Rica,53,2013,65.9,58.1,73.2
Costa Rica,53,2014,67.2,59.4,74.9
Costa Rica,53,2015,66.9,59.2,74.3
Costa Rica,53,2016,67.2,59.3,74.9
Costa Rica,53,2017,67.5,59.4,75
Costa Rica,53,2018,67.3,58.8,75.4
Croatia,100,2000,55.9,22.8,86.9
Croatia,100,2001,66,32.4,91.8
Croatia,100,2002,63.8,30.5,90.9
Croatia,100,2003,65.1,31.6,91.6
Croatia,100,2004,66.1,32.2,91.9
Croatia,100,2005,67.7,33.5,92.4
Croatia,100,2006,63.7,29,90.8
Croatia,100,2007,62.4,28.1,90.5
Croatia,100,2008,62.8,27.7,90.6
Croatia,100,2009,63.7,29,91
Croatia,100,2010,65.1,30.6,91.3
Croatia,100,2011,61.2,26.8,90
Croatia,100,2012,63.3,28.7,90.9
Croatia,100,2013,63.7,29.5,90.9
Croatia,100,2014,60.9,26.9,89.9
Croatia,100,2015,60.6,26.1,90.1
Croatia,100,2016,59.3,25.2,89.5
Croatia,100,2017,59.5,25.7,89.6
Croatia,100,2018,59.6,25.8,89.4
Cuba,54,2000,65.3,58.4,72
Cuba,54,2001,65.7,58.5,72.1
Cuba,54,2002,66.2,59.6,72.2
Cuba,54,2003,65.4,59,71.4
Cuba,54,2004,64.9,58.5,71.1
Cuba,54,2005,65,58.6,71.1
Cuba,54,2006,64.8,58.6,70.9
Cuba,54,2007,65.2,58.7,71.5
Cuba,54,2008,64.7,58.4,70.7
Cuba,54,2009,65,58.7,70.8
Cuba,54,2010,61.9,55.5,68
Cuba,54,2011,63.6,57.7,69.7
Cuba,54,2012,63.2,56.9,69.1
Cuba,54,2013,64.2,57.9,70.1
Cuba,54,2014,64.2,57.9,70
Cuba,54,2015,64.9,58.4,70.7
Cuba,54,2016,65.9,59.4,72.3
Cuba,54,2017,66.8,60.2,73.1
Cuba,54,2018,66.8,60.4,73.4
Côte d'Ivoire,45,2000,24.5,13,38.1
Côte d'Ivoire,45,2001,25,13.3,39.2
Côte d'Ivoire,45,2002,24,13.1,37.5
Côte d'Ivoire,45,2003,22.7,12.3,35.3
Côte d'Ivoire,45,2004,22.3,12.8,34.5
Côte d'Ivoire,45,2005,20.8,12.7,31
Côte d'Ivoire,45,2006,20,15.2,25.8
Côte d'Ivoire,45,2007,22.1,13.6,32.5
Côte d'Ivoire,45,2008,24.8,15.2,36.1
Côte d'Ivoire,45,2009,26.5,15.6,39.2
Côte d'Ivoire,45,2010,28.2,17.4,41.2
Côte d'Ivoire,45,2011,26.3,16.5,38.3
Côte d'Ivoire,45,2012,25.4,15.3,38.2
Côte d'Ivoire,45,2013,30.4,19.1,43.9
Côte d'Ivoire,45,2014,31.9,20.1,45.8
Côte d'Ivoire,45,2015,32.6,21.6,44.3
Côte d'Ivoire,45,2016,35.4,29.1,42.3
Côte d'Ivoire,45,2017,35.8,23.9,49.1
Côte d'Ivoire,45,2018,34.8,23,48.1
Democratic Republic of the Congo,47,2000,40.6,31.4,49.3
Democratic Republic of the Congo,47,2001,41.1,32.4,49.6
Democratic Republic of the Congo,47,2002,41.4,33,50.1
Democratic Republic of the Congo,47,2003,39.8,31.2,47.9
Democratic Republic of the Congo,47,2004,40.5,32.4,48.1
Democratic Republic of the Congo,47,2005,41.2,33.6,48.9
Democratic Republic of the Congo,47,2006,44.3,36.4,51.9
Democratic Republic of the Congo,47,2007,44.8,37.4,52.2
Democratic Republic of the Congo,47,2008,45.3,38.2,52.4
Democratic Republic of the Congo,47,2009,45.2,38.4,52.4
Democratic Republic of the Congo,47,2010,46.1,39.4,53
Democratic Republic of the Congo,47,2011,47.1,40.1,54.1
Democratic Republic of the Congo,47,2012,47.2,40,54.8
Democratic Republic of the Congo,47,2013,48.1,40.2,55.4
Democratic Republic of the Congo,47,2014,48.3,40.1,56
Democratic Republic of the Congo,47,2015,48.9,40.9,56.8
Democratic Republic of the Congo,47,2016,49.5,41.2,57.8
Democratic Republic of the Congo,47,2017,49.7,41.2,57.8
Democratic Republic of the Congo,47,2018,49.7,40.8,57.9
Djibouti,61,2000,31.7,26,37.7
Djibouti,61,2001,31.9,26.3,37.9
Djibouti,61,2002,44.5,38.6,50.6
Djibouti,61,2003,44.3,38.2,50.2
Djibouti,61,2004,43.7,37.5,49.8
Djibouti,61,2005,45.2,39,51.1
Djibouti,61,2006,45.9,39.8,51.9
Djibouti,61,2007,45.1,38.9,51.1
Djibouti,61,2008,46.2,39.9,52.7
Djibouti,61,2009,47.2,40.6,53.2
Djibouti,61,2010,45.8,39.1,51.9
Djibouti,61,2011,47.4,41.1,53.9
Djibouti,61,2012,49.4,43.2,56.4
Djibouti,61,2013,49.7,43.3,56.3
Djibouti,61,2014,47.8,41,54.6
Djibouti,61,2015,49.9,43.3,56.3
Djibouti,61,2016,49.2,42.1,55.9
Djibouti,61,2017,49.2,42.4,55.9
Djibouti,61,2018,48.8,42.1,55.5
Dominica,62,2000,37.6,27.4,49.7
Dominica,62,2001,42.9,31.5,54.6
Dominica,62,2002,58.4,46.7,69.8
Dominica,62,2003,64.7,53.5,75.5
Dominica,62,2004,59.5,48.7,70.7
Dominica,62,2005,59.9,48.2,71.9
Dominica,62,2006,59.8,48.1,71.3
Dominica,62,2007,59.8,48.1,71.5
Dominica,62,2008,60,48.7,71.8
Dominica,62,2009,59.4,47.3,71.1
Dominica,62,2010,59.7,47.7,71
Dominica,62,2011,60.3,49,71.4
Dominica,62,2012,59.2,47.5,70.7
Dominica,62,2013,58.8,46.4,69.8
Dominica,62,2014,59.2,47,70.7
Dominica,62,2015,57.4,44.5,69
Dominica,62,2016,58.7,46.1,70.7
Dominica,62,2017,59,46.5,70.6
Dominica,62,2018,59.1,46.8,70.5
Dominican Republic,64,2000,57.5,50,64.7
Dominican Republic,64,2001,58.1,51.4,64.9
Dominican Republic,64,2002,58.8,52.1,65.5
Dominican Republic,64,2003,59.6,53.1,66.3
Dominican Republic,64,2004,59.2,52.7,65.4
Dominican Republic,64,2005,59.8,53.7,65.4
Dominican Republic,64,2006,60.5,54.8,66.1
Dominican Republic,64,2007,62.8,57.9,67.9
Dominican Republic,64,2008,63,58,68
Dominican Republic,64,2009,63.9,58.9,68.8
Dominican Republic,64,2010,58.7,53.4,63.7
Dominican Republic,64,2011,58.5,53.3,63.7
Dominican Republic,64,2012,46.7,41,52
Dominican Republic,64,2013,61.5,57.2,66
Dominican Republic,64,2014,69.5,64.9,73.7
Dominican Republic,64,2015,58.9,53.7,63.7
Dominican Republic,64,2016,59.5,53.8,65
Dominican Republic,64,2017,59.1,52.7,65.1
Dominican Republic,64,2018,58.9,52.9,65
Ecuador,66,2000,48.9,31.9,66.1
Ecuador,66,2001,49.4,32.3,66.9
Ecuador,66,2002,49.5,32.3,67.2
Ecuador,66,2003,49.5,32.3,67.5
Ecuador,66,2004,49.3,32.2,66.6
Ecuador,66,2005,49.2,31.9,67.5
Ecuador,66,2006,48.8,31.9,65.9
Ecuador,66,2007,49.5,33.1,65.5
Ecuador,66,2008,49.6,33.4,64.7
Ecuador,66,2009,50.1,33.8,65.8
Ecuador,66,2010,53.5,37.5,69.2
Ecuador,66,2011,52.6,36.7,68.1
Ecuador,66,2012,52,35.5,67.9
Ecuador,66,2013,53.8,38.1,68.6
Ecuador,66,2014,53.2,36.3,68.2
Ecuador,66,2015,52.2,35.6,67
Ecuador,66,2016,54.1,36.5,69.7
Ecuador,66,2017,53.4,36.3,68.2
Ecuador,66,2018,53.1,34.8,69.2
Egypt,67,2000,47.5,27.6,67.5
Egypt,67,2001,48,29.2,66.9
Egypt,67,2002,48.4,31.1,66.2
Egypt,67,2003,49.3,33.8,65.7
Egypt,67,2004,50.6,37.6,63.4
Egypt,67,2005,51.8,44.6,59
Egypt,67,2006,56.1,44.9,66.4
Egypt,67,2007,60.4,49.7,71.2
Egypt,67,2008,59.8,45.6,73.1
Egypt,67,2009,59.2,45.3,72.4
Egypt,67,2010,57.3,45.7,68.4
Egypt,67,2011,68.8,56.2,79.2
Egypt,67,2012,72.4,61.1,81.5
Egypt,67,2013,71.9,61.3,80.4
Egypt,67,2014,67.4,62.5,72
Egypt,67,2015,62.6,51.3,72.9
Egypt,67,2016,58.4,43.8,71.4
Egypt,67,2017,54.7,39.4,69.6
Egypt,67,2018,49.2,35.2,64.3
El Salvador,201,2000,50.4,43.9,57.3
El Salvador,201,2001,50.9,44.9,57
El Salvador,201,2002,51.7,45.3,57.6
El Salvador,201,2003,52.3,46.4,58.1
El Salvador,201,2004,52.1,46.1,57.8
El Salvador,201,2005,55.3,49.8,61.3
El Salvador,201,2006,55.2,49.7,60.9
El Salvador,201,2007,48.1,42.8,53.5
El Salvador,201,2008,46.8,41.8,52.1
El Salvador,201,2009,34.9,29.9,40.3
El Salvador,201,2010,36.5,31.3,42.2
El Salvador,201,2011,59.8,54.1,65.2
El Salvador,201,2012,48,42.4,53.6
El Salvador,201,2013,48.1,42.4,53.8
El Salvador,201,2014,46.8,41.4,52.3
El Salvador,201,2015,47.9,42.3,53.3
El Salvador,201,2016,46.9,40.9,53.1
El Salvador,201,2017,46.7,40.1,53.4
El Salvador,201,2018,46.5,39.8,53.3
Equatorial Guinea,89,2000,41.7,26.1,58.7
Equatorial Guinea,89,2001,44.5,28.5,61.4
Equatorial Guinea,89,2002,46.7,30.6,62.2
Equatorial Guinea,89,2003,47.8,31.8,63.4
Equatorial Guinea,89,2004,49.6,34,64.5
Equatorial Guinea,89,2005,52.6,38.2,67.7
Equatorial Guinea,89,2006,55.6,40.4,69.4
Equatorial Guinea,89,2007,57.3,41.6,71.1
Equatorial Guinea,89,2008,58.7,43.2,72.5
Equatorial Guinea,89,2009,59.1,43.6,73.3
Equatorial Guinea,89,2010,58.9,43.7,72.9
Equatorial Guinea,89,2011,59.7,44.5,73.1
Equatorial Guinea,89,2012,59.8,44.5,73.6
Equatorial Guinea,89,2013,59.9,44.1,73.5
Equatorial Guinea,89,2014,60.2,46.2,73.1
Equatorial Guinea,89,2015,59.4,45.5,72.6
Equatorial Guinea,89,2016,60,43.8,74.3
Equatorial Guinea,89,2017,60.3,44.6,75
Equatorial Guinea,89,2018,59.9,43.1,75.7
Eritrea,68,2000,45,37.2,53.4
Eritrea,68,2001,43.9,36.3,52.1
Eritrea,68,2002,43.4,35.6,51.6
Eritrea,68,2003,41.4,34,49.6
Eritrea,68,2004,27,21,33.5
Eritrea,68,2005,27.3,21.2,34.2
Eritrea,68,2006,27,21.1,33.8
Eritrea,68,2007,26.8,21,33.6
Eritrea,68,2008,27.4,21.5,34.1
Eritrea,68,2009,27.9,22,34.7
Eritrea,68,2010,27.7,21.8,34.6
Eritrea,68,2011,27.1,21.5,33.7
Eritrea,68,2012,38.8,31.8,46.5
Eritrea,68,2013,39.6,32.4,47.6
Eritrea,68,2014,36.9,29.9,44.6
Eritrea,68,2015,39,31.7,47.1
Eritrea,68,2016,39.4,32.2,48
Eritrea,68,2017,38.5,31,46.7
Eritrea,68,2018,38,30.5,46.4
Ethiopia,72,2000,32.3,27.2,37.4
Ethiopia,72,2001,33.3,28.1,38.5
Ethiopia,72,2002,33.4,28.1,38.4
Ethiopia,72,2003,35.9,30.6,41.2
Ethiopia,72,2004,36.4,31.3,41.5
Ethiopia,72,2005,35.8,30.6,40.7
Ethiopia,72,2006,34.9,29.9,39.6
Ethiopia,72,2007,34.2,29.6,38.8
Ethiopia,72,2008,32.3,28.1,36.5
Ethiopia,72,2009,31.4,27.4,35.4
Ethiopia,72,2010,31.7,27.7,35.6
Ethiopia,72,2011,20.5,17.6,23.5
Ethiopia,72,2012,21.2,18.2,24.3
Ethiopia,72,2013,27.3,23.7,30.9
Ethiopia,72,2014,27.5,24.1,31.3
Ethiopia,72,2015,27.9,24.4,31.6
Ethiopia,72,2016,27.5,24.1,31.2
Ethiopia,72,2017,27.7,24.2,31.6
Ethiopia,72,2018,27.6,24.1,31.5
Fiji,74,2000,50.9,21.8,80.6
Fiji,74,2001,51,21.9,80.7
Fiji,74,2002,50.9,22.2,80.5
Fiji,74,2003,50.8,21.8,80.5
Fiji,74,2004,50.8,22,80.3
Fiji,74,2005,50.9,22,80.8
Fiji,74,2006,50.8,22,80.6
Fiji,74,2007,50.9,21.7,80.5
Fiji,74,2008,51,22.2,80.6
Fiji,74,2009,50.9,22,80.5
Fiji,74,2010,51,21.9,80.7
Fiji,74,2011,50.9,22,80.6
Fiji,74,2012,51,22.1,80.4
Fiji,74,2013,50.9,21.9,80.6
Fiji,74,2014,51.1,22.2,80.7
Fiji,74,2015,51.3,22.4,80.8
Fiji,74,2016,50.9,22,80.8
Fiji,74,2017,51,22,80.4
Fiji,74,2018,51,21.9,80.3
French Guiana,94,2000,43.7,23.9,64.3
French Guiana,94,2001,43.2,24.8,63.7
French Guiana,94,2002,42.4,23.5,62
French Guiana,94,2003,41.1,23.3,61.3
French Guiana,94,2004,40.6,22.3,59.9
French Guiana,94,2005,40.5,22,60
French Guiana,94,2006,39.5,20.9,58.5
French Guiana,94,2007,41.4,23.8,60.3
French Guiana,94,2008,44.1,24.8,64.4
French Guiana,94,2009,43.1,24.3,63.4
French Guiana,94,2010,44.3,26.2,62.6
French Guiana,94,2011,44.1,26.3,63.5
French Guiana,94,2012,43.2,25.4,63
French Guiana,94,2013,43.9,24.5,63.3
French Guiana,94,2014,43.2,24.4,62.2
French Guiana,94,2015,44.9,24.9,65.6
French Guiana,94,2016,45.7,25.9,66.6
French Guiana,94,2017,45.4,26.6,65.4
French Guiana,94,2018,45.5,27.5,66.4
Gabon,79,2000,45.1,30.4,61.1
Gabon,79,2001,46,30.7,61.1
Gabon,79,2002,47.1,32,61.6
Gabon,79,2003,48.7,33.5,64
Gabon,79,2004,49.3,34.9,64.3
Gabon,79,2005,49.8,34.7,64.5
Gabon,79,2006,51.7,37,65.6
Gabon,79,2007,52.7,38.7,66.7
Gabon,79,2008,53.9,39.1,67
Gabon,79,2009,53.8,39.1,67.7
Gabon,79,2010,53.9,39.1,67.5
Gabon,79,2011,54.7,39.5,68.5
Gabon,79,2012,55.7,41.2,69.6
Gabon,79,2013,56.4,41.8,69.6
Gabon,79,2014,56.8,43.5,69.8
Gabon,79,2015,56.5,43.5,70.5
Gabon,79,2016,57.3,43.5,71.5
Gabon,79,2017,57.7,43.6,71.7
Gabon,79,2018,57.3,42.8,72.4
Gambia,87,2000,55.5,37.8,71.7
Gambia,87,2001,56.2,39,72.5
Gambia,87,2002,57.1,38.2,74.3
Gambia,87,2003,59.7,41.1,75.3
Gambia,87,2004,61,44.9,74.8
Gambia,87,2005,61.6,47,75.1
Gambia,87,2006,64.8,57.3,71.6
Gambia,87,2007,62.3,48.7,74.6
Gambia,87,2008,64.1,49.3,76.9
Gambia,87,2009,65.8,52.1,78.3
Gambia,87,2010,69.7,62.2,75.9
Gambia,87,2011,70.9,58.7,80.7
Gambia,87,2012,65.9,52.7,77
Gambia,87,2013,68.4,54.3,80.5
Gambia,87,2014,67.7,56.1,77.6
Gambia,87,2015,59.4,46.7,71.8
Gambia,87,2016,55.2,42.2,67.6
Gambia,87,2017,52.1,39.1,65
Gambia,87,2018,48.1,40.3,55.8
Georgia,81,2000,67.9,53.3,80.3
Georgia,81,2001,66.7,51.5,79.3
Georgia,81,2002,67.8,53.6,80
Georgia,81,2003,67.7,53.5,79.8
Georgia,81,2004,66.9,52.6,79.1
Georgia,81,2005,60.1,45.2,73.5
Georgia,81,2006,64.8,50.8,77.8
Georgia,81,2007,66.4,52.2,79.3
Georgia,81,2008,66.9,52.7,79.6
Georgia,81,2009,64.1,49.1,77.3
Georgia,81,2010,62.7,47.6,76.1
Georgia,81,2011,59.1,44.5,73.3
Georgia,81,2012,61.5,45.8,75.9
Georgia,81,2013,61.5,45.6,75.8
Georgia,81,2014,62.3,46.9,76.5
Georgia,81,2015,63.6,48,77.7
Georgia,81,2016,64,48.5,77.7
Georgia,81,2017,63.7,48.4,77.3
Georgia,81,2018,63.7,47.6,77.3
Ghana,83,2000,39.6,25,54.2
Ghana,83,2001,40.1,25.8,57
Ghana,83,2002,41.4,26.3,57.9
Ghana,83,2003,41.4,26.2,58.1
Ghana,83,2004,40.9,26.9,56
Ghana,83,2005,40.2,27.9,54.6
Ghana,83,2006,36.7,28.7,45.2
Ghana,83,2007,39.9,28.5,52.5
Ghana,83,2008,37.1,28.5,46.7
Ghana,83,2009,43.4,30.9,56.5
Ghana,83,2010,48.8,37.2,60
Ghana,83,2011,54.6,47.3,61.8
Ghana,83,2012,47.5,34.9,59.9
Ghana,83,2013,45.3,31,59.5
Ghana,83,2014,44.8,31.8,58.4
Ghana,83,2015,44.2,30.5,59.1
Ghana,83,2016,44,31,57.4
Ghana,83,2017,44.3,30.3,58.3
Ghana,83,2018,47.9,33.8,62.5
Grenada,91,2000,46.4,32.8,59.5
Grenada,91,2001,42.5,29.8,54.3
Grenada,91,2002,44.9,32.9,57.5
Grenada,91,2003,48.2,35.7,60.3
Grenada,91,2004,46.5,34.1,59.4
Grenada,91,2005,50,36.5,62.5
Grenada,91,2006,49.3,35.9,62
Grenada,91,2007,52.8,39.5,65.3
Grenada,91,2008,52.7,39.7,66
Grenada,91,2009,51.6,38.4,63.5
Grenada,91,2010,45.2,32.2,57.9
Grenada,91,2011,46.1,33.3,58.2
Grenada,91,2012,42.6,29.4,55.2
Grenada,91,2013,42.6,29.8,54.6
Grenada,91,2014,42.8,30.4,56.1
Grenada,91,2015,41.3,29.7,55.2
Grenada,91,2016,42.3,29.5,55
Grenada,91,2017,32.9,22.1,44.3
Grenada,91,2018,32.3,22,44.5
Guatemala,93,2000,56.7,48.7,64.4
Guatemala,93,2001,56.4,48.8,64.2
Guatemala,93,2002,56.2,48.8,63.7
Guatemala,93,2003,55.7,48.3,63.2
Guatemala,93,2004,55.3,48.3,62.8
Guatemala,93,2005,55,47.4,62.5
Guatemala,93,2006,55,47.9,62.2
Guatemala,93,2007,55.3,48.4,62.3
Guatemala,93,2008,48.7,41.6,55.7
Guatemala,93,2009,49.1,42.8,55.9
Guatemala,93,2010,48.8,42.6,55.5
Guatemala,93,2011,49.5,43.3,56
Guatemala,93,2012,48.9,42.8,54.9
Guatemala,93,2013,50,43.8,56.3
Guatemala,93,2014,50.5,44.6,56.2
Guatemala,93,2015,50.3,44.4,55.5
Guatemala,93,2016,50.8,44.7,56.7
Guatemala,93,2017,51.3,44.8,57.2
Guatemala,93,2018,51.9,45.4,58.1
Guinea,85,2000,36.4,22.6,51.6
Guinea,85,2001,36.4,23.3,52
Guinea,85,2002,35.5,22.7,50
Guinea,85,2003,34.9,21.9,48.1
Guinea,85,2004,32.3,20.7,45.9
Guinea,85,2005,28.3,18.8,38.4
Guinea,85,2006,33.8,23.5,45.8
Guinea,85,2007,36.7,23.9,50.7
Guinea,85,2008,40.2,28,54.9
Guinea,85,2009,43.4,30.5,57.4
Guinea,85,2010,47.1,35.9,58
Guinea,85,2011,45.8,34.3,57.8
Guinea,85,2012,46,39.8,52.6
Guinea,85,2013,45.9,34.6,57.3
Guinea,85,2014,43.5,31.1,55.3
Guinea,85,2015,40.6,30.1,51.6
Guinea,85,2016,37.7,29.9,45.7
Guinea,85,2017,42.9,32.1,53
Guinea,85,2018,39.4,32.5,46.4
Guinea-Bissau,88,2000,28.9,14.6,46.4
Guinea-Bissau,88,2001,29.2,15.6,46.7
Guinea-Bissau,88,2002,30.4,16,49
Guinea-Bissau,88,2003,31.6,16.6,50.3
Guinea-Bissau,88,2004,30.7,17.8,47.5
Guinea-Bissau,88,2005,30.2,18.3,44.6
Guinea-Bissau,88,2006,35.9,28,45
Guinea-Bissau,88,2007,33.7,20.8,47.8
Guinea-Bissau,88,2008,35,21.6,51.2
Guinea-Bissau,88,2009,37.2,23.8,52.3
Guinea-Bissau,88,2010,37.8,30.8,45.3
Guinea-Bissau,88,2011,41.4,27.2,56.4
Guinea-Bissau,88,2012,40.7,28.2,54.5
Guinea-Bissau,88,2013,39.9,26,55
Guinea-Bissau,88,2014,38,29.9,46
Guinea-Bissau,88,2015,33.3,21.4,47.6
Guinea-Bissau,88,2016,28.1,17.1,40.5
Guinea-Bissau,88,2017,28,17.2,41.1
Guinea-Bissau,88,2018,23.7,15.3,33.7
Guyana,96,2000,38.1,23.3,53.3
Guyana,96,2001,36.3,21.8,51.1
Guyana,96,2002,37.3,22.8,52.9
Guyana,96,2003,37,23,52.9
Guyana,96,2004,34,21.4,48.4
Guyana,96,2005,35.3,23.4,48.7
Guyana,96,2006,32.2,22.1,43.6
Guyana,96,2007,32.8,23.8,42.4
Guyana,96,2008,36.2,25.3,48.2
Guyana,96,2009,36.1,24.6,48.7
Guyana,96,2010,47.7,34.3,60.2
Guyana,96,2011,37.1,24.6,50
Guyana,96,2012,36.5,25,48.9
Guyana,96,2013,34.7,25.1,46.2
Guyana,96,2014,31.5,24.9,38.7
Guyana,96,2015,40.5,28.6,51.4
Guyana,96,2016,40.3,26.7,54
Guyana,96,2017,35.2,22.4,49.4
Guyana,96,2018,35.1,22.6,49.8
Haiti,101,2000,49.2,41.1,57.3
Haiti,101,2001,49.6,41.5,57.6
Haiti,101,2002,50.5,42.7,58.2
Haiti,101,2003,50,42.3,57.4
Haiti,101,2004,49.3,42.1,56.7
Haiti,101,2005,49.7,42.4,56.8
Haiti,101,2006,50,43.1,56.9
Haiti,101,2007,50.1,43,56.9
Haiti,101,2008,50.5,43.4,57.2
Haiti,101,2009,51.4,44.9,57.6
Haiti,101,2010,51.3,45,57.7
Haiti,101,2011,51.7,45.5,57.7
Haiti,101,2012,50.8,45.1,56.5
Haiti,101,2013,56.3,50,62.2
Haiti,101,2014,57.5,50.9,63.7
Haiti,101,2015,58.6,52,64.8
Haiti,101,2016,58,51,65.2
Haiti,101,2017,57.9,50.2,65.2
Haiti,101,2018,58.2,50.2,65.2
Honduras,99,2000,59.4,51.8,66.8
Honduras,99,2001,61,53.7,67.8
Honduras,99,2002,61,54,67.8
Honduras,99,2003,62.7,56.1,69.2
Honduras,99,2004,62.2,55.3,68.8
Honduras,99,2005,63.4,56.6,69.6
Honduras,99,2006,62.9,56.5,69
Honduras,99,2007,63.8,57.7,69.6
Honduras,99,2008,63.3,57.6,69.2
Honduras,99,2009,65.1,59.4,71
Honduras,99,2010,65.5,60.1,71.2
Honduras,99,2011,64.1,58.8,69.6
Honduras,99,2012,67.4,62.3,72.5
Honduras,99,2013,65.5,60.1,70.8
Honduras,99,2014,66.8,61.4,72.3
Honduras,99,2015,66.3,60.4,72.4
Honduras,99,2016,66.3,60.1,72.3
Honduras,99,2017,64.5,57.8,71.2
Honduras,99,2018,64.1,57.2,70.8
India,105,2000,48.5,40.5,56.1
India,105,2001,46.9,37.7,56
India,105,2002,47.3,37.5,56.8
India,105,2003,48.1,39,57.5
India,105,2004,49.1,39.6,58.6
India,105,2005,50.9,41.6,60.4
India,105,2006,52.6,43.5,62.4
India,105,2007,54.1,45.2,63.3
India,105,2008,55.9,46.6,64.6
India,105,2009,57.4,48.1,66.2
India,105,2010,59.1,50.2,67.4
India,105,2011,59.1,50.3,67.4
India,105,2012,61.8,53,69.8
India,105,2013,64.9,56.2,72.4
India,105,2014,68.4,61.6,74.9
India,105,2015,66.2,57.7,74
India,105,2016,67.9,59.3,75.8
India,105,2017,66.7,59,74.3
India,105,2018,66.8,58.3,74.3
Indonesia,103,2000,48.7,42.2,54.8
Indonesia,103,2001,47.6,36.6,59.3
Indonesia,103,2002,47.2,33.8,59.8
Indonesia,103,2003,46,32.9,59.1
Indonesia,103,2004,45.8,32.6,59.4
Indonesia,103,2005,45.7,32.9,58.8
Indonesia,103,2006,46,33,59.1
Indonesia,103,2007,45.9,32.8,59.6
Indonesia,103,2008,45.9,32.9,59.4
Indonesia,103,2009,46.1,33.2,59.5
Indonesia,103,2010,46.5,34.5,58.9
Indonesia,103,2011,45.8,34.6,56.5
Indonesia,103,2012,46.6,40.6,53
Indonesia,103,2013,46,34.7,58.2
Indonesia,103,2014,44.5,33.2,56.6
Indonesia,103,2015,43.8,32.5,56.1
Indonesia,103,2016,43.6,32.1,54.4
Indonesia,103,2017,41.7,35.7,47.8
Indonesia,103,2018,42.9,32.8,53.5
Iran,108,2000,68.1,61.9,74
Iran,108,2001,66.9,60.6,73.4
Iran,108,2002,65.9,59.5,72.2
Iran,108,2003,64.8,58.4,71.2
Iran,108,2004,65,58.6,71.5
Iran,108,2005,65,58.6,71.1
Iran,108,2006,65.2,58.7,71.1
Iran,108,2007,69.8,64.2,75.1
Iran,108,2008,70.1,64.2,75.5
Iran,108,2009,69.9,64,75.6
Iran,108,2010,70.8,64.8,76.4
Iran,108,2011,70.1,64.2,75.9
Iran,108,2012,61.8,55.5,68.7
Iran,108,2013,62.6,56,69.4
Iran,108,2014,62.5,55.8,69.1
Iran,108,2015,62.8,56.4,69.1
Iran,108,2016,61.8,55.5,68.4
Iran,108,2017,61.3,55.1,67.9
Iran,108,2018,61.6,55.2,68.2
Iraq,109,2000,61.2,55.1,67
Iraq,109,2001,62,56,67.8
Iraq,109,2002,64.4,58.4,69.9
Iraq,109,2003,63.8,57.4,69.5
Iraq,109,2004,63.5,57.6,68.9
Iraq,109,2005,80.9,77.1,84.6
Iraq,109,2006,80.3,76.9,83.4
Iraq,109,2007,81.1,77,84.3
Iraq,109,2008,80.2,75.7,84
Iraq,109,2009,79.7,75.6,83.7
Iraq,109,2010,78.4,74.2,82.3
Iraq,109,2011,79.4,75.9,82.7
Iraq,109,2012,72.2,67.3,76.7
Iraq,109,2013,72.2,67.2,77
Iraq,109,2014,70.5,65.6,75.7
Iraq,109,2015,70.5,65.1,75.2
Iraq,109,2016,69.5,64.3,74.2
Iraq,109,2017,69.8,64.8,74.5
Iraq,109,2018,66.9,62.8,71.1
Jamaica,113,2000,61,53,68.8
Jamaica,113,2001,61.5,53.8,69.2
Jamaica,113,2002,56.4,49,64.4
Jamaica,113,2003,55.6,47.7,63.5
Jamaica,113,2004,55.4,47.6,63
Jamaica,113,2005,55.6,48.1,62.7
Jamaica,113,2006,45.7,38.1,53.2
Jamaica,113,2007,59.2,52,66.4
Jamaica,113,2008,58.5,50.9,65.5
Jamaica,113,2009,65.4,58.4,72.4
Jamaica,113,2010,64.8,57.3,71.6
Jamaica,113,2011,55.4,48,62.3
Jamaica,113,2012,56.1,48.7,63.1
Jamaica,113,2013,56.5,49.4,64.1
Jamaica,113,2014,56.6,49,64.1
Jamaica,113,2015,57.3,49.5,65.2
Jamaica,113,2016,56.7,48.9,64.5
Jamaica,113,2017,56.7,48.3,64.8
Jamaica,113,2018,56.8,48.5,64.7
Jordan,115,2000,68,56.7,77.5
Jordan,115,2001,69.8,59.9,79
Jordan,115,2002,70,59.5,79.7
Jordan,115,2003,73,62.6,81.5
Jordan,115,2004,72.5,62.4,81.3
Jordan,115,2005,72.9,63.3,81.4
Jordan,115,2006,71.1,60.8,79.8
Jordan,115,2007,71.8,62.3,79.6
Jordan,115,2008,76,66.1,83.6
Jordan,115,2009,77.7,69.8,85
Jordan,115,2010,79.6,71.4,85.9
Jordan,115,2011,81.2,74.1,87
Jordan,115,2012,86,82.6,88.9
Jordan,115,2013,87.2,81.9,91.3
Jordan,115,2014,85.1,79.4,89.9
Jordan,115,2015,68.5,58.9,77.9
Jordan,115,2016,63.3,52.2,72.6
Jordan,115,2017,60.8,50.8,70.2
Jordan,115,2018,58.2,52,64
Kazakhstan,117,2000,70.4,62.5,77.9
Kazakhstan,117,2001,70.7,62.8,77.9
Kazakhstan,117,2002,71.1,63.2,78
Kazakhstan,117,2003,70.9,63,77.9
Kazakhstan,117,2004,70.5,62.8,77.6
Kazakhstan,117,2005,70.7,63.5,77.4
Kazakhstan,117,2006,73.9,66.9,80.2
Kazakhstan,117,2007,73.4,66.3,79.9
Kazakhstan,117,2008,75,68.3,81.3
Kazakhstan,117,2009,75.8,69.3,81.7
Kazakhstan,117,2010,73.8,67,79.6
Kazakhstan,117,2011,80.7,75.4,85.1
Kazakhstan,117,2012,81.4,76.2,85.8
Kazakhstan,117,2013,79.8,73.9,84.6
Kazakhstan,117,2014,80,74.3,85.1
Kazakhstan,117,2015,79.6,73.2,85.3
Kazakhstan,117,2016,79.8,73.5,84.9
Kazakhstan,117,2017,79.4,72.7,84.6
Kazakhstan,117,2018,79.9,73.7,85.3
Kenya,118,2000,37.4,30.7,44.5
Kenya,118,2001,39.5,32.6,47
Kenya,118,2002,43.9,36.5,51.5
Kenya,118,2003,46.7,39.2,54.1
Kenya,118,2004,47.5,39.9,54.9
Kenya,118,2005,44.7,37.5,52.1
Kenya,118,2006,48.7,41.6,56
Kenya,118,2007,46.5,39.8,53.8
Kenya,118,2008,45.8,40,51.7
Kenya,118,2009,45.8,39.4,52.2
Kenya,118,2010,47.1,40.4,54
Kenya,118,2011,48.5,42.9,53.8
Kenya,118,2012,49.2,43,55.5
Kenya,118,2013,51.6,45.5,57.7
Kenya,118,2014,55,51.2,58.7
Kenya,118,2015,45.9,39.9,51.9
Kenya,118,2016,44,37.7,50.3
Kenya,118,2017,48.2,40.9,55.4
Kenya,118,2018,49.7,42.6,56.4
Kiribati,121,2000,50.1,18.5,82.6
Kiribati,121,2001,49.4,18.1,81.8
Kiribati,121,2002,49.4,16.5,80
Kiribati,121,2003,49.4,17.2,81.3
Kiribati,121,2004,49.3,16.8,81.2
Kiribati,121,2005,49.7,18.1,82
Kiribati,121,2006,49.5,17.3,81.9
Kiribati,121,2007,49.5,16.6,81.9
Kiribati,121,2008,49.1,15.6,81.5
Kiribati,121,2009,49.8,16.5,83.7
Kiribati,121,2010,49.4,17,83.4
Kiribati,121,2011,49,15.6,83.9
Kiribati,121,2012,50.2,17.1,81.9
Kiribati,121,2013,49.5,15.4,81.1
Kiribati,121,2014,50.1,16.5,82.3
Kiribati,121,2015,49.8,17.7,83.2
Kiribati,121,2016,50.2,17.1,82.5
Kiribati,121,2017,49.9,17.6,82.8
Kiribati,121,2018,49.8,17.6,82.4
Kosovo,249,2000,57.3,24.1,87.6
Kosovo,249,2001,57.7,24.6,87.9
Kosovo,249,2002,57.5,24.6,87.8
Kosovo,249,2003,56.4,23.5,86.9
Kosovo,249,2004,56.4,23.6,87
Kosovo,249,2005,59.9,26.1,88.7
Kosovo,249,2006,51.7,19.4,84.2
Kosovo,249,2007,57,23.7,87
Kosovo,249,2008,58.7,25.1,88.3
Kosovo,249,2009,59.1,25.5,88.3
Kosovo,249,2010,63.1,29.2,90.2
Kosovo,249,2011,56.9,24.7,87.2
Kosovo,249,2012,53.3,21.5,84.8
Kosovo,249,2013,45,15.8,79.8
Kosovo,249,2014,43.7,15.2,78.2
Kosovo,249,2015,43.7,15,78.5
Kosovo,249,2016,44.6,16,78.9
Kosovo,249,2017,44.3,16.1,77.8
Kosovo,249,2018,44.4,15.9,78.2
Kyrgyzstan,119,2000,69.7,58.4,79.8
Kyrgyzstan,119,2001,68.9,57.5,79
Kyrgyzstan,119,2002,63,50.8,74.3
Kyrgyzstan,119,2003,61.2,48.9,72.6
Kyrgyzstan,119,2004,60.7,50.1,71
Kyrgyzstan,119,2005,60.3,51.5,69.5
Kyrgyzstan,119,2006,60.4,52.7,67.8
Kyrgyzstan,119,2007,62.3,52.7,71.3
Kyrgyzstan,119,2008,63.4,53.4,72.5
Kyrgyzstan,119,2009,66.3,56.1,75.1
Kyrgyzstan,119,2010,70.6,62.6,78.4
Kyrgyzstan,119,2011,73.1,66.1,79.6
Kyrgyzstan,119,2012,72,65.8,77.8
Kyrgyzstan,119,2013,71.3,63.9,77.6
Kyrgyzstan,119,2014,71.5,65.7,76.8
Kyrgyzstan,119,2015,70.4,61.6,77.7
Kyrgyzstan,119,2016,68.1,58.4,75.9
Kyrgyzstan,119,2017,70.1,60.4,78.1
Kyrgyzstan,119,2018,69.6,58.9,78.5
Laos,125,2000,47.4,39,56.3
Laos,125,2001,48.7,40.4,57.6
Laos,125,2002,50.5,41.8,58.7
Laos,125,2003,51,42.5,59.2
Laos,125,2004,54.2,46.6,62
Laos,125,2005,56.7,48.8,63.8
Laos,125,2006,56.3,50,62.4
Laos,125,2007,57.8,50.8,64.6
Laos,125,2008,54.7,47.3,62.3
Laos,125,2009,57.7,49.7,65.4
Laos,125,2010,60,52.4,67.2
Laos,125,2011,58.7,51.6,66.2
Laos,125,2012,61.1,54.5,67.7
Laos,125,2013,58,50.8,65
Laos,125,2014,58.5,51.7,65.5
Laos,125,2015,61.8,54.4,68.6
Laos,125,2016,61.4,54.3,68.3
Laos,125,2017,59,52.6,65.5
Laos,125,2018,59.1,52,66.2
Lesotho,132,2000,30,21.5,40.2
Lesotho,132,2001,30.5,21.7,40.1
Lesotho,132,2002,29.9,21.4,40.5
Lesotho,132,2003,29.9,21.2,39.9
Lesotho,132,2004,31.1,22,41.3
Lesotho,132,2005,33.1,23.5,43.5
Lesotho,132,2006,33.6,23.7,43.7
Lesotho,132,2007,34,24.3,45.1
Lesotho,132,2008,33.1,23.4,43.6
Lesotho,132,2009,33,23.5,43.8
Lesotho,132,2010,30.2,20.8,40.8
Lesotho,132,2011,34.2,24.7,44.7
Lesotho,132,2012,35,25.2,44.8
Lesotho,132,2013,33,24.8,42.6
Lesotho,132,2014,28.7,23.7,34
Lesotho,132,2015,34.6,27,43.3
Lesotho,132,2016,39.3,30.4,48.7
Lesotho,132,2017,40.5,31.6,50.3
Lesotho,132,2018,41.5,35.2,48.5
Liberia,127,2000,34.7,10,68.2
Liberia,127,2001,34.1,9.4,70
Liberia,127,2002,32.2,8.4,65.7
Liberia,127,2003,30.4,8.2,65
Liberia,127,2004,29.2,7.7,63
Liberia,127,2005,25.2,6.9,56.1
Liberia,127,2006,27.3,7.2,60.6
Liberia,127,2007,32.4,9,67.3
Liberia,127,2008,38.7,11.6,73.7
Liberia,127,2009,41.2,12.8,75.5
Liberia,127,2010,43.5,14.1,76
Liberia,127,2011,40.1,12.2,74.5
Liberia,127,2012,39.5,12.7,73.2
Liberia,127,2013,43,15,76.7
Liberia,127,2014,44.2,14.8,78.1
Liberia,127,2015,44.6,16.7,78.3
Liberia,127,2016,49,18.9,80.4
Liberia,127,2017,54.6,23.1,84.2
Liberia,127,2018,51.7,19.5,83.5
Libya,128,2000,56.8,27.2,83.8
Libya,128,2001,56.9,27.2,83.4
Libya,128,2002,56.7,27.1,82.7
Libya,128,2003,56.7,29.7,81.6
Libya,128,2004,57.5,30.4,82.2
Libya,128,2005,58.1,29.1,83.8
Libya,128,2006,59.4,31.4,84.4
Libya,128,2007,61.9,32.9,86.3
Libya,128,2008,67.4,38.4,89.1
Libya,128,2009,68.2,40.1,89.4
Libya,128,2010,61.3,33.2,85.4
Libya,128,2011,62.4,34.4,85.4
Libya,128,2012,64.4,36.5,86.8
Libya,128,2013,64.2,36.9,86.9
Libya,128,2014,63.8,36.3,86.2
Libya,128,2015,61.2,32.5,85.5
Libya,128,2016,60.3,30.1,85.6
Libya,128,2017,58.9,28.1,84.4
Libya,128,2018,57.6,27.8,83.9
Madagascar,141,2000,45.4,38.9,52.6
Madagascar,141,2001,45.4,38.7,52.3
Madagascar,141,2002,45.9,39.5,52.4
Madagascar,141,2003,45.2,38.8,52.1
Madagascar,141,2004,48.4,42.1,54.8
Madagascar,141,2005,43.4,37,49.8
Madagascar,141,2006,43.8,37.7,50.5
Madagascar,141,2007,44.6,38.5,51.5
Madagascar,141,2008,43.7,37.1,50.4
Madagascar,141,2009,42.5,36.2,48.9
Madagascar,141,2010,43.1,36.8,49.2
Madagascar,141,2011,46.7,40.2,52.5
Madagascar,141,2012,49.2,43.4,54.8
Madagascar,141,2013,48.6,42.4,54.4
Madagascar,141,2014,44.9,38.7,51.2
Madagascar,141,2015,44.5,38.5,51.1
Madagascar,141,2016,45.2,38.8,51.8
Madagascar,141,2017,52,46.1,57.7
Madagascar,141,2018,52,46.7,57
Malawi,157,2000,39.3,31.7,47.8
Malawi,157,2001,37,29.2,45.3
Malawi,157,2002,30.1,23.5,37.6
Malawi,157,2003,30.5,23.5,37.7
Malawi,157,2004,28.3,22.3,35.1
Malawi,157,2005,30.2,24.2,37.1
Malawi,157,2006,32.2,27.7,36.9
Malawi,157,2007,37.4,31,44.8
Malawi,157,2008,37.6,30.6,44.9
Malawi,157,2009,39,31.8,46.6
Malawi,157,2010,37.5,30.3,45.1
Malawi,157,2011,36.7,29.8,44.5
Malawi,157,2012,47.7,39.6,55.6
Malawi,157,2013,48.8,41.5,56
Malawi,157,2014,49.9,45.1,54.7
Malawi,157,2015,46.5,40.1,53.3
Malawi,157,2016,49.3,44.3,54.3
Malawi,157,2017,47.3,40.1,55
Malawi,157,2018,45.7,37.8,53.8
Malaysia,158,2000,72.1,63.7,80.4
Malaysia,158,2001,71.7,62.7,79.7
Malaysia,158,2002,72.5,63.4,80.1
Malaysia,158,2003,81.3,74.2,87
Malaysia,158,2004,81.6,74.8,87.6
Malaysia,158,2005,82,75.6,87.4
Malaysia,158,2006,82.3,76,87.8
Malaysia,158,2007,70.3,60.9,78.3
Malaysia,158,2008,70.5,60.7,78.6
Malaysia,158,2009,70.6,60.8,78.7
Malaysia,158,2010,70.9,61.4,78.9
Malaysia,158,2011,70.8,61.2,78.9
Malaysia,158,2012,70.5,60.8,78.3
Malaysia,158,2013,61.6,50.5,71.6
Malaysia,158,2014,61.6,50.1,72.1
Malaysia,158,2015,62.3,51.2,72.6
Malaysia,158,2016,77.5,69.3,84.6
Malaysia,158,2017,78.8,71.2,85.6
Malaysia,158,2018,79,70.9,85.5
Mali,146,2000,31.5,18.6,46.9
Mali,146,2001,31.7,19.4,46.8
Mali,146,2002,31.6,18.5,46.1
Mali,146,2003,32.2,19.6,46.6
Mali,146,2004,32.5,19.9,47.7
Mali,146,2005,31.7,19.7,47.3
Mali,146,2006,34.5,22.3,48.6
Mali,146,2007,35.4,23.4,49.3
Mali,146,2008,35.8,23.6,50
Mali,146,2009,34.8,22.4,49.7
Mali,146,2010,34.4,21.8,49.2
Mali,146,2011,33.1,22.4,45.6
Mali,146,2012,34.7,24.7,46.5
Mali,146,2013,35.3,29,41.7
Mali,146,2014,36.5,26.3,46.8
Mali,146,2015,34.1,27.9,41.2
Mali,146,2016,33.4,23.5,44.7
Mali,146,2017,34.9,23.1,48.6
Mali,146,2018,33.3,22.2,46.7
Marshall Islands,144,2000,50.4,20.1,83.3
Marshall Islands,144,2001,50,18.2,81.7
Marshall Islands,144,2002,49.9,18.1,83.1
Marshall Islands,144,2003,49.7,17,84.1
Marshall Islands,144,2004,50.1,18.4,83.3
Marshall Islands,144,2005,50.3,16.9,83.8
Marshall Islands,144,2006,50.1,17,83.3
Marshall Islands,144,2007,50.1,18.2,81.9
Marshall Islands,144,2008,50,17.3,83.5
Marshall Islands,144,2009,49.8,17.5,83
Marshall Islands,144,2010,50.1,17,83.3
Marshall Islands,144,2011,49.3,17.7,80.8
Marshall Islands,144,2012,49.6,16.5,81.3
Marshall Islands,144,2013,49.7,15.6,81.2
Marshall Islands,144,2014,50.1,16.8,82.6
Marshall Islands,144,2015,49.8,17.1,81.9
Marshall Islands,144,2016,49.7,17.4,82.6
Marshall Islands,144,2017,49.5,16.8,81.7
Marshall Islands,144,2018,50.1,18.7,84.2
Mauritania,153,2000,24.1,14.5,35.7
Mauritania,153,2001,23.5,14.2,34.9
Mauritania,153,2002,22.9,13.8,35.6
Mauritania,153,2003,22.9,13.6,34.2
Mauritania,153,2004,22.2,13.6,32.5
Mauritania,153,2005,21.7,13.5,31.5
Mauritania,153,2006,22.9,16,31.3
Mauritania,153,2007,21.4,16.8,26.8
Mauritania,153,2008,24.9,17,34.2
Mauritania,153,2009,26.5,17.5,36.4
Mauritania,153,2010,29.7,20.7,39.3
Mauritania,153,2011,30.7,24.6,37.1
Mauritania,153,2012,30.9,21.5,41.4
Mauritania,153,2013,31.6,21.9,42.7
Mauritania,153,2014,30.3,21.3,40.4
Mauritania,153,2015,24.3,19.6,30.2
Mauritania,153,2016,23.2,15.8,32.2
Mauritania,153,2017,23,15.6,32.4
Mauritania,153,2018,23,14.8,32
Mexico,143,2000,43.7,35.2,52.4
Mexico,143,2001,57,48.4,65.2
Mexico,143,2002,61.4,52.7,69.5
Mexico,143,2003,53.6,44.9,62.4
Mexico,143,2004,53.5,44.8,62.2
Mexico,143,2005,53.4,44.7,61.7
Mexico,143,2006,53.3,44.8,61.6
Mexico,143,2007,52.9,44.8,61.1
Mexico,143,2008,53.5,45.2,61.5
Mexico,143,2009,53.4,45.1,61.7
Mexico,143,2010,53.1,44.7,61.5
Mexico,143,2011,51.9,43.5,59.7
Mexico,143,2012,62.5,54.1,69.8
Mexico,143,2013,62.3,53.8,70
Mexico,143,2014,63,54.8,70.8
Mexico,143,2015,63.1,55,70.8
Mexico,143,2016,64.2,56.1,71.5
Mexico,143,2017,65,57.2,72.4
Mexico,143,2018,65,56.9,72.8
Micronesia,78,2000,47.9,18.7,78
Micronesia,78,2001,47.8,18.6,78.5
Micronesia,78,2002,47.7,18.4,78.9
Micronesia,78,2003,47.9,18.4,80.1
Micronesia,78,2004,47.6,18.9,79.9
Micronesia,78,2005,47.5,18.4,79.2
Micronesia,78,2006,47.5,19.2,78.1
Micronesia,78,2007,47.5,19.8,78.4
Micronesia,78,2008,48.3,18.9,79.6
Micronesia,78,2009,48.2,19.3,79.3
Micronesia,78,2010,48.6,19,78.4
Micronesia,78,2011,48.5,19.3,79.4
Micronesia,78,2012,48.1,19.8,78.6
Micronesia,78,2013,48,19.6,78.9
Micronesia,78,2014,48.3,19.2,80
Micronesia,78,2015,48.3,18.4,78.4
Micronesia,78,2016,48.5,19,78.9
Micronesia,78,2017,48.6,19.7,79.5
Micronesia,78,2018,48.6,19.1,78.4
Moldova,140,2000,72.9,56.7,85.4
Moldova,140,2001,72.9,56.6,85.2
Moldova,140,2002,72.4,55,84.7
Moldova,140,2003,73.9,57.3,86
Moldova,140,2004,76.5,61.2,87.4
Moldova,140,2005,75.3,60.1,86.5
Moldova,140,2006,74.2,58.9,86.1
Moldova,140,2007,77.5,63.4,88.1
Moldova,140,2008,73.1,57.5,85.1
Moldova,140,2009,78.5,65,88.8
Moldova,140,2010,79.5,66,89.1
Moldova,140,2011,79.3,66.1,88.8
Moldova,140,2012,81,68.3,90
Moldova,140,2013,79.7,66.7,89.4
Moldova,140,2014,79.1,65.9,88.9
Moldova,140,2015,77.7,63.8,88.2
Moldova,140,2016,78.7,65.3,88.8
Moldova,140,2017,79.1,65.7,89
Moldova,140,2018,78.4,64.6,88.8
Mongolia,150,2000,61.1,52.8,69.3
Mongolia,150,2001,61.5,52.6,69.5
Mongolia,150,2002,61.1,52.3,69.5
Mongolia,150,2003,60.1,51.4,68.1
Mongolia,150,2004,60.5,52.5,68.1
Mongolia,150,2005,67.4,60.7,73
Mongolia,150,2006,67.2,60,73.8
Mongolia,150,2007,67,59.3,73.8
Mongolia,150,2008,67.8,59.9,75
Mongolia,150,2009,69.1,61,75.8
Mongolia,150,2010,74.8,68.3,80.2
Mongolia,150,2011,65.5,57.7,72.5
Mongolia,150,2012,63.6,56.6,69.7
Mongolia,150,2013,60.2,54.9,65.3
Mongolia,150,2014,61.2,53.6,68.4
Mongolia,150,2015,59.6,50.7,67.3
Mongolia,150,2016,58.8,50,66.6
Mongolia,150,2017,59.2,50.5,66.8
Mongolia,150,2018,57.4,50.4,64.7
Montenegro,149,2000,77.2,67.1,85.1
Montenegro,149,2001,67.9,55.7,77.9
Montenegro,149,2002,73.6,63,82.2
Montenegro,149,2003,79.4,70.6,86.2
Montenegro,149,2004,75.9,66.4,83.7
Montenegro,149,2005,75.3,66.3,83.3
Montenegro,149,2006,61.1,49.8,72.2
Montenegro,149,2007,70.8,60.2,79.9
Montenegro,149,2008,70.6,59.8,79.3
Montenegro,149,2009,69.5,58.4,78.6
Montenegro,149,2010,61.6,50.3,72.2
Montenegro,149,2011,75.2,66.1,82.7
Montenegro,149,2012,77.5,68.6,84.2
Montenegro,149,2013,82.6,76,87.7
Montenegro,149,2014,75,65.8,82.6
Montenegro,149,2015,74.7,65.1,82.6
Montenegro,149,2016,75.5,65.4,83.3
Montenegro,149,2017,76.5,66.7,84.3
Montenegro,149,2018,76.3,66.2,84.1
Morocco,138,2000,50.3,19,78.8
Morocco,138,2001,50.3,18.6,80.1
Morocco,138,2002,50.1,18.9,79.7
Morocco,138,2003,49.9,19.5,78
Morocco,138,2004,49.8,19,78.4
Morocco,138,2005,49.5,18.7,77.8
Morocco,138,2006,49.4,19.3,77.5
Morocco,138,2007,49.8,19.6,78.4
Morocco,138,2008,49.2,19.6,78.5
Morocco,138,2009,48.8,19.4,78.1
Morocco,138,2010,48.8,19.1,77.6
Morocco,138,2011,49,20.7,76.2
Morocco,138,2012,49.8,21.1,77
Morocco,138,2013,56.6,27.1,81.6
Morocco,138,2014,56.5,27,82.1
Morocco,138,2015,53.1,23.9,81.4
Morocco,138,2016,53.2,22.3,81.9
Morocco,138,2017,53.1,22.3,82.6
Morocco,138,2018,53.4,21.5,83
Mozambique,152,2000,38.2,31.8,44.8
Mozambique,152,2001,38.7,32.2,45.4
Mozambique,152,2002,26.8,21.6,32.2
Mozambique,152,2003,26.9,22.1,32.2
Mozambique,152,2004,27.3,22.5,32.3
Mozambique,152,2005,34.4,28.9,40.2
Mozambique,152,2006,23.8,19.7,28.4
Mozambique,152,2007,23.7,19.7,28.2
Mozambique,152,2008,23.6,19.8,27.8
Mozambique,152,2009,23.6,20,27.5
Mozambique,152,2010,24.3,20.7,28.3
Mozambique,152,2011,23.4,20.3,27.3
Mozambique,152,2012,25.8,21.8,30.3
Mozambique,152,2013,27.8,23.8,32.6
Mozambique,152,2014,28.5,24.3,33.3
Mozambique,152,2015,27.8,23.2,32.6
Mozambique,152,2016,38.7,33.2,44.4
Mozambique,152,2017,40.7,35.2,46.9
Mozambique,152,2018,40.8,34.8,46.9
Myanmar,148,2000,55.6,46.5,64.8
Myanmar,148,2001,57.3,47.4,66.2
Myanmar,148,2002,57.5,48.1,66.3
Myanmar,148,2003,58.1,49,66.8
Myanmar,148,2004,58.8,49.8,67.3
Myanmar,148,2005,48.7,39.1,57.7
Myanmar,148,2006,48.1,39.6,57.2
Myanmar,148,2007,48.7,40.3,57.3
Myanmar,148,2008,51.8,43.2,60.3
Myanmar,148,2009,51.6,43.4,59.7
Myanmar,148,2010,40.3,33,47.9
Myanmar,148,2011,39.9,31.5,47.6
Myanmar,148,2012,50.6,41.7,58.9
Myanmar,148,2013,49.4,40.2,57.7
Myanmar,148,2014,48.3,38.6,56.9
Myanmar,148,2015,48.4,39.4,57.1
Myanmar,148,2016,48.8,39.2,57.8
Myanmar,148,2017,54,45,63.2
Myanmar,148,2018,54,44.6,63.2
Namibia,160,2000,29.2,24.8,33.9
Namibia,160,2001,33,27.1,39.6
Namibia,160,2002,38.2,31,45.7
Namibia,160,2003,37.5,31,44.9
Namibia,160,2004,37.7,30.8,45.2
Namibia,160,2005,37.7,30.8,45
Namibia,160,2006,38.6,31.2,46
Namibia,160,2007,38.9,32,46.5
Namibia,160,2008,39.4,32.3,47.2
Namibia,160,2009,39.6,32.4,47.4
Namibia,160,2010,40,33,47.3
Namibia,160,2011,41.4,33.4,48.9
Namibia,160,2012,44.4,36.5,52
Namibia,160,2013,44.1,36.6,52
Namibia,160,2014,42.2,34.8,49.9
Namibia,160,2015,46.6,39.1,54.3
Namibia,160,2016,48.8,41.2,56.6
Namibia,160,2017,49.7,41.8,57.6
Namibia,160,2018,49.8,42,58.1
Nepal,169,2000,60.7,51.6,70
Nepal,169,2001,49.3,35.1,64.1
Nepal,169,2002,49.2,34.9,63.2
Nepal,169,2003,50,35.9,63.9
Nepal,169,2004,50.4,35.8,65.3
Nepal,169,2005,51.1,34.6,65.8
Nepal,169,2006,51,36.6,65
Nepal,169,2007,50.5,36.1,65.1
Nepal,169,2008,50.9,35.6,65.7
Nepal,169,2009,51.4,37.4,66.5
Nepal,169,2010,52.3,40.3,64.2
Nepal,169,2011,46.1,35.5,57.3
Nepal,169,2012,51.4,38.1,64
Nepal,169,2013,51.4,37.5,65.6
Nepal,169,2014,58.2,49.1,67.4
Nepal,169,2015,53.5,37.9,67.9
Nepal,169,2016,53.2,38.3,68
Nepal,169,2017,44.3,34.8,54.3
Nepal,169,2018,49.7,35.2,64.8
Nicaragua,165,2000,47.2,39,55.6
Nicaragua,165,2001,46.5,38.5,54.9
Nicaragua,165,2002,45.7,37.6,53.3
Nicaragua,165,2003,47,38.8,54.3
Nicaragua,165,2004,47.1,39.3,55
Nicaragua,165,2005,47.2,39.6,54.4
Nicaragua,165,2006,47.7,40,54.8
Nicaragua,165,2007,47.5,40.1,54
Nicaragua,165,2008,49,41.8,55.9
Nicaragua,165,2009,48,41,54.8
Nicaragua,165,2010,41.1,34.7,47.3
Nicaragua,165,2011,43.6,37.1,49.8
Nicaragua,165,2012,29.3,24.1,35.1
Nicaragua,165,2013,36.2,30.2,42.1
Nicaragua,165,2014,54.8,47.6,61.8
Nicaragua,165,2015,46.7,39.3,53.4
Nicaragua,165,2016,46.1,38.6,53.2
Nicaragua,165,2017,47.4,40,54.7
Nicaragua,165,2018,45.9,38.7,53.4
Niger,162,2000,28.3,7.1,57.4
Niger,162,2001,30.9,7.5,62.2
Niger,162,2002,31.3,8.1,62.9
Niger,162,2003,31.1,8.2,63.4
Niger,162,2004,30.2,8.1,60.8
Niger,162,2005,29.9,7.8,60.8
Niger,162,2006,31.1,8.2,62.7
Niger,162,2007,35.4,9.5,66.2
Niger,162,2008,35.3,9.9,65.2
Niger,162,2009,33.7,8.9,65.4
Niger,162,2010,34.2,9.7,65.3
Niger,162,2011,33.3,9.7,63.8
Niger,162,2012,34.7,10,66.8
Niger,162,2013,35.3,10.4,67.3
Niger,162,2014,36,10.6,67.4
Niger,162,2015,33.4,9.7,64.3
Niger,162,2016,32.3,8.6,63.9
Niger,162,2017,32.8,9.2,62.6
Niger,162,2018,29.4,8.4,59.8
Nigeria,164,2000,29.7,24.4,35.4
Nigeria,164,2001,31.6,22.5,41.5
Nigeria,164,2002,32.2,22.5,43.5
Nigeria,164,2003,33.4,23.2,44.9
Nigeria,164,2004,33.3,23.2,44.3
Nigeria,164,2005,34.3,26.4,42.7
Nigeria,164,2006,35.1,27,44.1
Nigeria,164,2007,40.8,34.4,46.9
Nigeria,164,2008,39.7,30.1,49.5
Nigeria,164,2009,42,31.9,52.5
Nigeria,164,2010,45.4,36.1,54.6
Nigeria,164,2011,48.1,41.7,54.5
Nigeria,164,2012,44.7,35.4,54
Nigeria,164,2013,41.2,30.8,52.1
Nigeria,164,2014,38.9,29.6,49.1
Nigeria,164,2015,35.4,26.1,45.2
Nigeria,164,2016,34.3,25.2,43.9
Nigeria,164,2017,32.8,27.5,38.7
Nigeria,164,2018,33.3,24.6,42.9
North Macedonia,145,2000,76.9,68.1,84
North Macedonia,145,2001,66,56,75.4
North Macedonia,145,2002,71.6,62.2,79.6
North Macedonia,145,2003,72.9,64,80.3
North Macedonia,145,2004,73.7,65.3,80.6
North Macedonia,145,2005,73,64.8,80.1
North Macedonia,145,2006,73.4,64.7,80.5
North Macedonia,145,2007,73.4,65,80.5
North Macedonia,145,2008,69.7,60.1,77.8
North Macedonia,145,2009,76.8,68.9,83.5
North Macedonia,145,2010,79.8,72.5,85.7
North Macedonia,145,2011,77.9,70.3,84.4
North Macedonia,145,2012,77.3,69.1,83.6
North Macedonia,145,2013,77.6,69.3,84
North Macedonia,145,2014,71.6,61.9,79.6
North Macedonia,145,2015,68.8,58.5,77.6
North Macedonia,145,2016,69.5,59.1,78.8
North Macedonia,145,2017,75.3,66.2,83.1
North Macedonia,145,2018,74.5,65.2,82.5
Pakistan,173,2000,53.6,43.3,63.9
Pakistan,173,2001,58.4,46.3,68.6
Pakistan,173,2002,57.7,44.9,68.6
Pakistan,173,2003,56.8,44,68.2
Pakistan,173,2004,57.4,45.7,68.6
Pakistan,173,2005,56.7,44.4,67.9
Pakistan,173,2006,58.4,46.4,69.5
Pakistan,173,2007,58.3,46.1,69.8
Pakistan,173,2008,58.3,46.3,69.6
Pakistan,173,2009,58.7,47.1,69.9
Pakistan,173,2010,57.5,47.2,67.5
Pakistan,173,2011,63.7,55.5,71.6
Pakistan,173,2012,55.5,44.2,66.3
Pakistan,173,2013,51.2,41.6,60.4
Pakistan,173,2014,49.8,42.3,57.6
Pakistan,173,2015,51.3,39.8,62.6
Pakistan,173,2016,52.6,41.5,63
Pakistan,173,2017,52.8,41.2,64.4
Pakistan,173,2018,49.9,40.6,59.6
Palestine,185,2000,73.4,64.1,81.4
Palestine,185,2001,73.7,64.6,81.2
Palestine,185,2002,72.8,63.9,81.2
Palestine,185,2003,73.6,64.2,81.7
Palestine,185,2004,72.8,63.4,80.9
Palestine,185,2005,72.6,63.7,81
Palestine,185,2006,71.3,63.1,78.7
Palestine,185,2007,71.2,66.3,76.4
Palestine,185,2008,72.2,63.6,79.8
Palestine,185,2009,71.8,62.8,79.4
Palestine,185,2010,70.1,63.1,76
Palestine,185,2011,73.8,66,80.6
Palestine,185,2012,73.2,64.9,80.4
Palestine,185,2013,72.1,64.3,79.5
Palestine,185,2014,69.8,64.1,75.7
Palestine,185,2015,71.7,63.4,79.7
Palestine,185,2016,70,60.4,78.7
Palestine,185,2017,71.7,62,80
Palestine,185,2018,70.1,61.2,78.4
Panama,174,2000,60.1,50.9,68.9
Panama,174,2001,60.5,51.3,68.9
Panama,174,2002,60.9,52,69.3
Panama,174,2003,62.3,53.3,70.6
Panama,174,2004,62.5,53.5,70.9
Panama,174,2005,62.7,53.9,71
Panama,174,2006,62.8,54.1,71.1
Panama,174,2007,62.6,53.4,70.8
Panama,174,2008,63.1,54.5,71.5
Panama,174,2009,63.2,54.1,71.4
Panama,174,2010,63.5,54.9,71.5
Panama,174,2011,75.1,68.3,81.8
Panama,174,2012,75.8,68.4,81.8
Panama,174,2013,76,69.3,82.4
Panama,174,2014,75.3,67.8,81.6
Panama,174,2015,74.5,66.9,80.8
Panama,174,2016,75.5,68.3,82.3
Panama,174,2017,74.6,67.3,81.2
Panama,174,2018,74.6,67.2,81.1
Papua New Guinea,179,2000,33.7,17,52.6
Papua New Guinea,179,2001,34.1,17.2,54
Papua New Guinea,179,2002,34.2,17.9,54.6
Papua New Guinea,179,2003,33.5,18.3,54.9
Papua New Guinea,179,2004,32.8,18,53.8
Papua New Guinea,179,2005,32.5,17.9,50.3
Papua New Guinea,179,2006,32.1,20.3,48.9
Papua New Guinea,179,2007,30.9,25,37.6
Papua New Guinea,179,2008,32.8,18.8,47.6
Papua New Guinea,179,2009,33.6,19,51
Papua New Guinea,179,2010,33.4,17.3,53.7
Papua New Guinea,179,2011,32.3,16.7,53.1
Papua New Guinea,179,2012,31.1,15.4,50.5
Papua New Guinea,179,2013,32.5,16.4,51.9
Papua New Guinea,179,2014,32.7,16.7,53.2
Papua New Guinea,179,2015,33.3,16.9,54.4
Papua New Guinea,179,2016,32.7,16.4,54.2
Papua New Guinea,179,2017,31.4,16.1,50.6
Papua New Guinea,179,2018,32.9,16.3,53.7
Paraguay,184,2000,53.4,37.2,69.6
Paraguay,184,2001,55,38.3,70.5
Paraguay,184,2002,54.8,39,69.1
Paraguay,184,2003,53.8,38.5,68.5
Paraguay,184,2004,53,37.3,67.3
Paraguay,184,2005,52.3,37.4,66.6
Paraguay,184,2006,52.1,39.6,65
Paraguay,184,2007,53.6,43.4,64.8
Paraguay,184,2008,54.3,47.7,61
Paraguay,184,2009,54.6,44.3,65.1
Paraguay,184,2010,54.9,42.5,66.4
Paraguay,184,2011,54.5,40,66.9
Paraguay,184,2012,54,39.7,67.7
Paraguay,184,2013,53.6,39.3,67.3
Paraguay,184,2014,52.1,38.5,64.6
Paraguay,184,2015,52.2,41.2,62.7
Paraguay,184,2016,52.7,46,59.4
Paraguay,184,2017,51.7,40.8,62.2
Paraguay,184,2018,51.6,38.8,63.6
Peru,176,2000,47.1,36.5,58.3
Peru,176,2001,47,37.1,57.2
Peru,176,2002,46.6,36.9,56.9
Peru,176,2003,46.7,36.8,56.6
Peru,176,2004,46.3,37,56
Peru,176,2005,44.6,35.5,53.7
Peru,176,2006,44.6,36.5,52.8
Peru,176,2007,44.4,37.5,51.4
Peru,176,2008,44.4,39.9,49
Peru,176,2009,49.6,45.1,54
Peru,176,2010,50.7,46.2,55.1
Peru,176,2011,50.5,46.1,55.3
Peru,176,2012,52.6,48.2,56.8
Peru,176,2013,52.7,47.8,57.3
Peru,176,2014,54,47.9,59.9
Peru,176,2015,55,50.4,59.8
Peru,176,2016,55.4,51.1,59.7
Peru,176,2017,57.1,52.4,61.5
Peru,176,2018,56,48.3,62.8
Philippines,177,2000,57.2,37.7,74.8
Philippines,177,2001,54.9,36.7,74.3
Philippines,177,2002,53.9,34.6,71.7
Philippines,177,2003,53.6,33.8,70.9
Philippines,177,2004,52.9,32.6,72
Philippines,177,2005,52.3,33.2,71.8
Philippines,177,2006,52.4,32.9,72.9
Philippines,177,2007,51.9,32.4,73.1
Philippines,177,2008,51.5,33.2,71.1
Philippines,177,2009,51.6,31.8,70.8
Philippines,177,2010,50.9,31.9,69.8
Philippines,177,2011,49.7,31.5,67
Philippines,177,2012,48.9,34.5,64.6
Philippines,177,2013,50.2,42.5,57.5
Philippines,177,2014,47.9,34.3,63.1
Philippines,177,2015,45.7,31.2,61.3
Philippines,177,2016,42.3,28.7,57.4
Philippines,177,2017,35.8,29.2,42.8
Philippines,177,2018,41.5,27.6,56.2
Republic of Congo,48,2000,42.2,28.9,58.4
Republic of Congo,48,2001,42.5,28.9,57
Republic of Congo,48,2002,42.6,29.4,56
Republic of Congo,48,2003,44.6,31.5,58.1
Republic of Congo,48,2004,45.3,32.1,59.1
Republic of Congo,48,2005,46.6,34.1,59.7
Republic of Congo,48,2006,47.3,34.7,59.5
Republic of Congo,48,2007,47.1,35.7,59.2
Republic of Congo,48,2008,47.3,36.4,58.7
Republic of Congo,48,2009,47.2,37.1,58.2
Republic of Congo,48,2010,48.2,38.3,58.9
Republic of Congo,48,2011,48,38.5,58
Republic of Congo,48,2012,48.1,37.9,57.3
Republic of Congo,48,2013,48.9,39.7,57.7
Republic of Congo,48,2014,49.2,40.7,56.9
Republic of Congo,48,2015,49.7,42.5,56.2
Republic of Congo,48,2016,49.1,41.1,56.7
Republic of Congo,48,2017,49.2,40.2,57.5
Republic of Congo,48,2018,49.2,39.2,58.7
Romania,189,2000,68.3,35.7,91.5
Romania,189,2001,68.7,36.5,91.5
Romania,189,2002,68.4,35.9,91.4
Romania,189,2003,69.3,36.6,91.9
Romania,189,2004,68.3,35.4,91.6
Romania,189,2005,68.4,35.3,91.4
Romania,189,2006,67.7,34.5,91
Romania,189,2007,66.4,33.2,90.4
Romania,189,2008,71.8,39.6,92.7
Romania,189,2009,71.4,39.4,92.6
Romania,189,2010,70.1,37.7,92.2
Romania,189,2011,66.4,33,90.8
Romania,189,2012,69,36.3,92.1
Romania,189,2013,64.8,31.8,90.5
Romania,189,2014,63,28.7,89.8
Romania,189,2015,62.8,28.6,89.7
Romania,189,2016,70,36.8,92.8
Romania,189,2017,74.2,41.7,94.3
Romania,189,2018,73.7,40.3,94
Rwanda,191,2000,32.7,22.7,43.6
Rwanda,191,2001,33.1,22.8,44.8
Rwanda,191,2002,41.1,29.7,52.7
Rwanda,191,2003,32.1,22,43.4
Rwanda,191,2004,32.5,22.3,43.2
Rwanda,191,2005,31.9,22.7,42.1
Rwanda,191,2006,35.4,25.3,46.8
Rwanda,191,2007,37.7,27.2,49
Rwanda,191,2008,37.8,26.8,49.9
Rwanda,191,2009,43.6,32,56
Rwanda,191,2010,42.7,32.7,54
Rwanda,191,2011,43.2,32.3,55.1
Rwanda,191,2012,46.2,34.8,59.1
Rwanda,191,2013,46.1,34.3,59
Rwanda,191,2014,46.5,34.7,59.8
Rwanda,191,2015,48,36,59.5
Rwanda,191,2016,47.2,35.8,59.5
Rwanda,191,2017,46.4,33.9,59.5
Rwanda,191,2018,47,34.3,59.5
Saint Lucia,129,2000,55.7,43.3,68.2
Saint Lucia,129,2001,58.5,45.4,71.2
Saint Lucia,129,2002,51.8,38.8,65.3
Saint Lucia,129,2003,55.1,42.4,68
Saint Lucia,129,2004,54.9,42.6,67.4
Saint Lucia,129,2005,45.8,33,59.6
Saint Lucia,129,2006,59.4,46.3,71.4
Saint Lucia,129,2007,66.8,54.2,77.4
Saint Lucia,129,2008,61.9,49.1,73.7
Saint Lucia,129,2009,61,48.2,73.1
Saint Lucia,129,2010,61.4,48.6,73.7
Saint Lucia,129,2011,62.6,49.7,73.5
Saint Lucia,129,2012,60.2,47.5,71.9
Saint Lucia,129,2013,61.5,49.5,72.4
Saint Lucia,129,2014,61,47.3,72.7
Saint Lucia,129,2015,56.5,43.5,69.5
Saint Lucia,129,2016,58.1,44.8,69.9
Saint Lucia,129,2017,58.1,44.5,71
Saint Lucia,129,2018,60,46.8,72.3
Saint Vincent and the Grenadines,238,2000,46.6,34.2,59.9
Saint Vincent and the Grenadines,238,2001,47.7,34.7,62.4
Saint Vincent and the Grenadines,238,2002,47.6,34.3,61.6
Saint Vincent and the Grenadines,238,2003,50.9,36.5,64.6
Saint Vincent and the Grenadines,238,2004,50.8,36.7,64.4
Saint Vincent and the Grenadines,238,2005,51.3,37.9,65.2
Saint Vincent and the Grenadines,238,2006,53.9,40.8,67.3
Saint Vincent and the Grenadines,238,2007,53.4,40.3,66.9
Saint Vincent and the Grenadines,238,2008,53.1,38.6,67.3
Saint Vincent and the Grenadines,238,2009,53.8,40.5,66.7
Saint Vincent and the Grenadines,238,2010,54.2,41.1,67.2
Saint Vincent and the Grenadines,238,2011,56.2,42.4,69.8
Saint Vincent and the Grenadines,238,2012,53.7,40.4,67.6
Saint Vincent and the Grenadines,238,2013,53.9,40.3,67.7
Saint Vincent and the Grenadines,238,2014,53.6,38.8,67.4
Saint Vincent and the Grenadines,238,2015,51.2,36.7,65.6
Saint Vincent and the Grenadines,238,2016,52.2,38.4,65.6
Saint Vincent and the Grenadines,238,2017,46.1,31.8,60.6
Saint Vincent and the Grenadines,238,2018,44.7,31.3,58.9
Samoa,245,2000,51.8,18.3,84.6
Samoa,245,2001,51.4,19.5,81.4
Samoa,245,2002,51.5,20.4,81.6
Samoa,245,2003,51.6,21.2,81.6
Samoa,245,2004,51.7,19.9,82.4
Samoa,245,2005,51.5,19.4,81.4
Samoa,245,2006,51.3,21.4,82.3
Samoa,245,2007,51.5,19.7,80.6
Samoa,245,2008,53.1,25.6,78.6
Samoa,245,2009,54.8,38,69.6
Samoa,245,2010,53.6,27.9,79.6
Samoa,245,2011,52.6,24,79.1
Samoa,245,2012,51.9,20.3,81
Samoa,245,2013,52.1,20.1,83.5
Samoa,245,2014,52,20.3,81.1
Samoa,245,2015,51.8,20.9,81.3
Samoa,245,2016,51.3,18.5,82.1
Samoa,245,2017,52.1,18.2,83.7
Samoa,245,2018,52.4,19.4,84.4
Senegal,194,2000,40.1,23.2,58.9
Senegal,194,2001,40.7,24.3,59.6
Senegal,194,2002,41,24.6,59.5
Senegal,194,2003,43.3,26.3,61.5
Senegal,194,2004,43.6,27.5,60.2
Senegal,194,2005,42.8,26.3,59.6
Senegal,194,2006,44.9,32,59.8
Senegal,194,2007,43.3,28.9,59.6
Senegal,194,2008,46.8,31.2,63.6
Senegal,194,2009,49.2,32.8,66.8
Senegal,194,2010,52.9,39.9,66.6
Senegal,194,2011,55.3,39.7,70.7
Senegal,194,2012,49.2,33.1,66.4
Senegal,194,2013,52.4,35.2,69.8
Senegal,194,2014,50.7,36.3,65.8
Senegal,194,2015,41.4,29.5,53.6
Senegal,194,2016,37.3,29.8,44.7
Senegal,194,2017,34,28.1,40.7
Senegal,194,2018,32.5,22.1,44.1
Serbia,205,2000,67.2,57.6,76.4
Serbia,205,2001,67.5,58.2,76.3
Serbia,205,2002,66.9,57.7,75.5
Serbia,205,2003,67.2,58.2,76.1
Serbia,205,2004,68,59.3,76.6
Serbia,205,2005,70.8,62.9,78.5
Serbia,205,2006,61.3,52.9,69.7
Serbia,205,2007,72,64.6,79.1
Serbia,205,2008,74.2,66.7,80.7
Serbia,205,2009,74.2,66.7,81
Serbia,205,2010,77.4,70.3,83.6
Serbia,205,2011,71.8,63.6,79.3
Serbia,205,2012,70.2,61.3,78
Serbia,205,2013,60.7,50.3,70.1
Serbia,205,2014,60.2,49.5,69.6
Serbia,205,2015,59.8,48.7,69.4
Serbia,205,2016,59.7,48.4,69.2
Serbia,205,2017,59.6,48.8,69.6
Serbia,205,2018,59.9,48.5,69.7
Sierra Leone,200,2000,35.5,19.7,53.2
Sierra Leone,200,2001,35.4,20.6,52.2
Sierra Leone,200,2002,34,20,52
Sierra Leone,200,2003,32.9,19.6,48.8
Sierra Leone,200,2004,30.1,18.6,44
Sierra Leone,200,2005,24.9,19.3,31.1
Sierra Leone,200,2006,31,20.1,44.2
Sierra Leone,200,2007,36.9,22.8,54.5
Sierra Leone,200,2008,47.7,31.7,64.3
Sierra Leone,200,2009,52.9,38.5,66.3
Sierra Leone,200,2010,59.2,51.6,66.5
Sierra Leone,200,2011,52.4,39.2,65.9
Sierra Leone,200,2012,53.8,40.8,66.8
Sierra Leone,200,2013,55,38.3,71.1
Sierra Leone,200,2014,55,38,69.6
Sierra Leone,200,2015,50.4,35.1,65.9
Sierra Leone,200,2016,50.6,37.4,63.9
Sierra Leone,200,2017,57.4,47.8,67.2
Sierra Leone,200,2018,54.3,42.3,66.6
Solomon Islands,199,2000,44.1,14.8,77.2
Solomon Islands,199,2001,43.9,15.2,76.9
Solomon Islands,199,2002,44.3,14.8,77.2
Solomon Islands,199,2003,43.6,15.4,74.6
Solomon Islands,199,2004,43,15.2,74.2
Solomon Islands,199,2005,42.8,15.6,74.4
Solomon Islands,199,2006,41.6,14.6,73.3
Solomon Islands,199,2007,39.9,13.9,71.4
Solomon Islands,199,2008,43,16.2,75.9
Solomon Islands,199,2009,44,15.9,77.8
Solomon Islands,199,2010,44.2,16.2,77.9
Solomon Islands,199,2011,44.5,14.8,77
Solomon Islands,199,2012,44.3,15.1,76.1
Solomon Islands,199,2013,44.8,16.1,76.5
Solomon Islands,199,2014,45.2,16.7,79.7
Solomon Islands,199,2015,45.3,16.2,78.3
Solomon Islands,199,2016,45.7,15.4,77.6
Solomon Islands,199,2017,45.1,15,78.4
Solomon Islands,199,2018,45.4,16.6,79.3
Somalia,203,2000,34.3,29.7,38.8
Somalia,203,2001,34.3,29.9,38.9
Somalia,203,2002,34.4,29.9,39
Somalia,203,2003,33.7,29.7,38.1
Somalia,203,2004,33,29.2,37.2
Somalia,203,2005,33.5,29.7,37.8
Somalia,203,2006,33.1,29.4,37.2
Somalia,203,2007,32.6,28.9,36.7
Somalia,203,2008,32.7,28.9,36.9
Somalia,203,2009,35,31.1,39.4
Somalia,203,2010,35.5,31.6,39.7
Somalia,203,2011,36.5,32.6,40.5
Somalia,203,2012,36.6,32.5,40.8
Somalia,203,2013,36.1,32,40.3
Somalia,203,2014,35.9,31.9,40.3
Somalia,203,2015,35.6,31.4,40
Somalia,203,2016,34.7,30.2,39.3
Somalia,203,2017,35.7,31.1,40.4
Somalia,203,2018,35.6,31,40.1
South Africa,254,2000,41.9,35.2,49
South Africa,254,2001,43,36,50.3
South Africa,254,2002,38.9,32.3,45.9
South Africa,254,2003,37.4,30.9,44.3
South Africa,254,2004,37.1,30.5,43.8
South Africa,254,2005,38.4,31.7,45.3
South Africa,254,2006,43.2,36.2,50.3
South Africa,254,2007,44.5,37.4,51.5
South Africa,254,2008,42,35.3,49.5
South Africa,254,2009,41.9,35.2,49
South Africa,254,2010,42.6,36.1,49.8
South Africa,254,2011,42.8,36.5,49.7
South Africa,254,2012,45.5,38.6,53
South Africa,254,2013,43.5,36.8,51
South Africa,254,2014,43.2,36.4,50.1
South Africa,254,2015,44.2,37.3,50.9
South Africa,254,2016,46.4,40.8,52
South Africa,254,2017,47.3,40.7,53.5
South Africa,254,2018,47.5,40.2,54.2
South Sudan,206,2000,26.3,22,31
South Sudan,206,2001,26.5,22.3,31.1
South Sudan,206,2002,26.5,22.2,31
South Sudan,206,2003,36.3,31.5,41.4
South Sudan,206,2004,37.1,32.4,42.2
South Sudan,206,2005,37.3,32.5,42.4
South Sudan,206,2006,37.3,32.2,42.3
South Sudan,206,2007,37.6,32.7,42.6
South Sudan,206,2008,38.2,33.4,42.9
South Sudan,206,2009,38,33.5,42.8
South Sudan,206,2010,39.9,35.5,44.6
South Sudan,206,2011,40.8,36.1,45.7
South Sudan,206,2012,42.3,37.4,47.2
South Sudan,206,2013,41.5,36.5,46.6
South Sudan,206,2014,40,35.3,45.1
South Sudan,206,2015,42.7,37.6,48
South Sudan,206,2016,41.3,36.2,46.5
South Sudan,206,2017,41.6,36.2,47
South Sudan,206,2018,41.1,35.9,46.3
Sri Lanka,131,2000,68.1,51.9,82.4
Sri Lanka,131,2001,68,50.5,82.4
Sri Lanka,131,2002,68.7,50.5,83.4
Sri Lanka,131,2003,69.8,53.2,83.8
Sri Lanka,131,2004,70,51.8,83.7
Sri Lanka,131,2005,70.5,53,84
Sri Lanka,131,2006,70.5,53,84
Sri Lanka,131,2007,71.4,53.2,85.7
Sri Lanka,131,2008,71.3,53.6,84.6
Sri Lanka,131,2009,71.7,53.8,85.1
Sri Lanka,131,2010,71.8,53.3,85.4
Sri Lanka,131,2011,71.8,54.7,85.1
Sri Lanka,131,2012,72.2,54.8,85.1
Sri Lanka,131,2013,72.5,55,85.1
Sri Lanka,131,2014,73.3,57.4,85.3
Sri Lanka,131,2015,73.2,55.8,86
Sri Lanka,131,2016,73.3,56,86.6
Sri Lanka,131,2017,73.8,57,86.6
Sri Lanka,131,2018,73.6,58.2,85.7
Sudan,193,2000,49.2,44.4,54.5
Sudan,193,2001,49.3,44.1,54.6
Sudan,193,2002,49.9,44.7,54.8
Sudan,193,2003,50.5,45.5,55.5
Sudan,193,2004,52.2,47.1,57.1
Sudan,193,2005,54.8,50.1,59.5
Sudan,193,2006,54.9,50.5,59.5
Sudan,193,2007,55.6,51.4,60.3
Sudan,193,2008,56.6,52.4,61.2
Sudan,193,2009,70,66.6,73.5
Sudan,193,2010,70.6,67.4,74
Sudan,193,2011,70.7,67.4,74.1
Sudan,193,2012,70.9,67.5,74.4
Sudan,193,2013,70.8,67.3,74.3
Sudan,193,2014,70,66.3,73.3
Sudan,193,2015,71.9,68.4,75.5
Sudan,193,2016,72.2,68.2,76.1
Sudan,193,2017,73,69,77.1
Sudan,193,2018,72.9,69,76.9
Suriname,208,2000,50.4,33.8,66.5
Suriname,208,2001,48.7,32.1,64.5
Suriname,208,2002,48.1,31.2,63.3
Suriname,208,2003,49.6,34.1,64.7
Suriname,208,2004,44.8,30.3,59.8
Suriname,208,2005,51.6,38.7,64.6
Suriname,208,2006,44,31.9,56
Suriname,208,2007,45.7,33.7,58.5
Suriname,208,2008,48.7,35.6,62.7
Suriname,208,2009,52,38.8,65.5
Suriname,208,2010,63.6,52.7,73.6
Suriname,208,2011,50.4,37.1,64
Suriname,208,2012,50,35.4,64.3
Suriname,208,2013,48,31.9,63.1
Suriname,208,2014,46,31.3,61.1
Suriname,208,2015,54.7,38.8,69.9
Suriname,208,2016,54.7,37.4,71.2
Suriname,208,2017,49,32.6,66.6
Suriname,208,2018,48.6,30.3,65.9
Swaziland,212,2000,43.7,31.8,56.7
Swaziland,212,2001,48.1,35.9,60.8
Swaziland,212,2002,45.2,33.3,57.3
Swaziland,212,2003,46.5,34.3,59.3
Swaziland,212,2004,42.6,30.9,55.4
Swaziland,212,2005,42.1,30.2,54.7
Swaziland,212,2006,41,30,53.7
Swaziland,212,2007,46.3,34.1,58.2
Swaziland,212,2008,52.4,40.5,63.7
Swaziland,212,2009,53.3,42.3,63.3
Swaziland,212,2010,58,50.9,65
Swaziland,212,2011,53.2,44.1,62.7
Swaziland,212,2012,46.5,36.1,57.6
Swaziland,212,2013,45,34.5,55.3
Swaziland,212,2014,29.1,23.4,34.7
Swaziland,212,2015,35.2,25.2,45
Swaziland,212,2016,35.4,26.2,45.7
Swaziland,212,2017,39,28.5,50.9
Swaziland,212,2018,38.9,28.2,50
Syria,215,2000,61.3,54.8,67.6
Syria,215,2001,57.2,51.8,62.4
Syria,215,2002,61.5,55,67.8
Syria,215,2003,62.3,55.8,68.9
Syria,215,2004,63.1,56.1,69.3
Syria,215,2005,70.1,64.1,75.8
Syria,215,2006,70.3,65.4,74.6
Syria,215,2007,68.8,62.8,74.3
Syria,215,2008,70.7,64.4,76.3
Syria,215,2009,70.9,64.3,77.1
Syria,215,2010,70.7,64.2,76.7
Syria,215,2011,70.4,64.1,76.6
Syria,215,2012,72.2,66.3,77.9
Syria,215,2013,72.5,66.3,78.2
Syria,215,2014,73.6,67.7,78.9
Syria,215,2015,75.8,70,80.8
Syria,215,2016,74.4,68.1,80.1
Syria,215,2017,73,67,78.6
Syria,215,2018,73.2,67.1,79
São Tomé and Príncipe,207,2000,46.8,31.1,63.2
São Tomé and Príncipe,207,2001,46.7,31.6,62.4
São Tomé and Príncipe,207,2002,48.2,32.1,64.9
São Tomé and Príncipe,207,2003,48.7,33.8,63.7
São Tomé and Príncipe,207,2004,49,35.7,62.8
São Tomé and Príncipe,207,2005,49.3,36.6,61.7
São Tomé and Príncipe,207,2006,51.4,40.9,61.8
São Tomé and Príncipe,207,2007,51.5,40,62.7
São Tomé and Príncipe,207,2008,51.6,39,62.7
São Tomé and Príncipe,207,2009,52.7,40.6,65.7
São Tomé and Príncipe,207,2010,54.6,42.4,67
São Tomé and Príncipe,207,2011,53,40.3,64.4
São Tomé and Príncipe,207,2012,53.7,41.6,65.2
São Tomé and Príncipe,207,2013,54.4,43.5,64.9
São Tomé and Príncipe,207,2014,55,46.4,63.5
São Tomé and Príncipe,207,2015,54.9,44.2,66.6
São Tomé and Príncipe,207,2016,55.3,42.6,67.9
São Tomé and Príncipe,207,2017,56.3,42.9,69.8
São Tomé and Príncipe,207,2018,55.9,42,70.3
Tajikistan,220,2000,68.1,54.9,79
Tajikistan,220,2001,65.5,52.9,77
Tajikistan,220,2002,65.7,53.2,76.6
Tajikistan,220,2003,63,50.4,74.1
Tajikistan,220,2004,59.8,48.3,70.3
Tajikistan,220,2005,53.4,44.1,62.2
Tajikistan,220,2006,56.4,46.3,66.1
Tajikistan,220,2007,63.2,51.9,73.5
Tajikistan,220,2008,64.3,52.6,74.9
Tajikistan,220,2009,67.4,56.4,76.3
Tajikistan,220,2010,71.3,61.4,80
Tajikistan,220,2011,70.4,62.3,76.9
Tajikistan,220,2012,73.1,66.7,78.8
Tajikistan,220,2013,72.9,64.1,79.8
Tajikistan,220,2014,73.4,65.4,80.8
Tajikistan,220,2015,74.4,65.3,81.6
Tajikistan,220,2016,74.8,67.3,80.8
Tajikistan,220,2017,74.3,67.8,80.2
Tajikistan,220,2018,73.6,64.7,81.4
Tanzania,230,2000,23.2,19.9,26.6
Tanzania,230,2001,28.2,23.9,32.9
Tanzania,230,2002,29.9,25.1,34.4
Tanzania,230,2003,29.9,25.3,34.8
Tanzania,230,2004,29.7,25.1,34.6
Tanzania,230,2005,30.1,25.4,35.2
Tanzania,230,2006,30.4,25.9,35.5
Tanzania,230,2007,31.7,27,36.8
Tanzania,230,2008,38.6,33.2,44.4
Tanzania,230,2009,38.9,33.5,44.7
Tanzania,230,2010,38.8,33.4,44.4
Tanzania,230,2011,37.6,32.4,43.5
Tanzania,230,2012,38.1,32.7,44.1
Tanzania,230,2013,37.9,32.8,43.3
Tanzania,230,2014,37.1,32,42.6
Tanzania,230,2015,35.6,30.9,40.5
Tanzania,230,2016,32.7,28.6,36.8
Tanzania,230,2017,36.6,31.9,41.7
Tanzania,230,2018,36.9,31.9,42.4
Thailand,219,2000,66,58.3,73.8
Thailand,219,2001,66.2,58.3,73.6
Thailand,219,2002,65.9,58.1,73.1
Thailand,219,2003,76.3,69.7,82.2
Thailand,219,2004,76.8,70.5,82.2
Thailand,219,2005,69.4,62.4,75.8
Thailand,219,2006,69.5,63.2,75.5
Thailand,219,2007,69.6,62.8,75.7
Thailand,219,2008,69.7,63.1,75.8
Thailand,219,2009,60.9,53,68.6
Thailand,219,2010,61.3,53.9,68.8
Thailand,219,2011,59.8,52.2,67.8
Thailand,219,2012,60.6,53.5,67.8
Thailand,219,2013,76.3,70,81.4
Thailand,219,2014,76.7,71,81.5
Thailand,219,2015,77.1,71.1,82.1
Thailand,219,2016,77.1,72,81.6
Thailand,219,2017,78.3,73,83.3
Thailand,219,2018,77.8,71.7,82.9
Timor-Leste,223,2000,43.9,17.5,74.8
Timor-Leste,223,2001,44.3,15.5,79
Timor-Leste,223,2002,44.4,15.1,77.2
Timor-Leste,223,2003,44.7,14.2,77.4
Timor-Leste,223,2004,45.4,14.8,77
Timor-Leste,223,2005,44.9,15.9,77.6
Timor-Leste,223,2006,45.6,15.8,79.1
Timor-Leste,223,2007,45.8,14.5,77.9
Timor-Leste,223,2008,45.4,15.6,79.8
Timor-Leste,223,2009,45.6,14.5,77.9
Timor-Leste,223,2010,45.3,16,76.8
Timor-Leste,223,2011,45.8,17.5,78.3
Timor-Leste,223,2012,45.4,18.1,76.7
Timor-Leste,223,2013,45,16.1,77.8
Timor-Leste,223,2014,44.2,14.3,78.7
Timor-Leste,223,2015,42.4,12.8,75.3
Timor-Leste,223,2016,40.6,12.8,73.5
Timor-Leste,223,2017,37.3,13.1,68.3
Timor-Leste,223,2018,40.8,12.2,75.6
Togo,218,2000,28,17.2,42
Togo,218,2001,29.5,17.4,46.4
Togo,218,2002,30.6,17.4,45.7
Togo,218,2003,30.6,17.8,46.3
Togo,218,2004,30.9,18,46.5
Togo,218,2005,30.1,19.1,42.7
Togo,218,2006,27.4,20.4,35.1
Togo,218,2007,30.6,19.8,42.2
Togo,218,2008,28.5,18.9,40.5
Togo,218,2009,33.4,22.6,45.5
Togo,218,2010,39.5,31.4,48.1
Togo,218,2011,43.1,31.8,54.9
Togo,218,2012,38.8,26.6,51.7
Togo,218,2013,37.4,24,53.5
Togo,218,2014,37.2,25.3,51.3
Togo,218,2015,35.5,21,51.7
Togo,218,2016,34,21.3,50.3
Togo,218,2017,32,20.9,45.8
Togo,218,2018,37.5,25.5,51.1
Tonga,224,2000,46,20.2,74.5
Tonga,224,2001,46.3,20.8,74.5
Tonga,224,2002,46.3,20.4,74.5
Tonga,224,2003,46.1,20.6,74.6
Tonga,224,2004,46.2,20.5,74.6
Tonga,224,2005,46.1,20.7,74.7
Tonga,224,2006,46.3,20.7,74.7
Tonga,224,2007,46.3,20.7,75
Tonga,224,2008,46.5,20.4,75.1
Tonga,224,2009,46.4,20.7,74.8
Tonga,224,2010,45.9,20.5,74.4
Tonga,224,2011,46.3,20.8,74.7
Tonga,224,2012,46.4,20.6,74.5
Tonga,224,2013,46.1,20.4,74.9
Tonga,224,2014,45.9,20.3,74.4
Tonga,224,2015,46.6,20.6,74.9
Tonga,224,2016,46.2,20.8,74.8
Tonga,224,2017,46.2,20.8,74.8
Tonga,224,2018,46.1,20.2,74.8
Tunisia,226,2000,54,33.9,74.5
Tunisia,226,2001,54,33.8,73.9
Tunisia,226,2002,53.6,34.9,71.7
Tunisia,226,2003,53.5,36.9,69.7
Tunisia,226,2004,53.7,36.1,70.5
Tunisia,226,2005,54.1,35.8,71.8
Tunisia,226,2006,55.7,37.3,74
Tunisia,226,2007,57.6,38.1,74.9
Tunisia,226,2008,57.6,40.2,74.5
Tunisia,226,2009,55.2,38.1,70.4
Tunisia,226,2010,55.5,39.6,70.2
Tunisia,226,2011,55.8,42.4,68.8
Tunisia,226,2012,57.9,49.3,66.1
Tunisia,226,2013,65.6,54.4,76.7
Tunisia,226,2014,64.5,50.9,77.6
Tunisia,226,2015,63.4,46,78.8
Tunisia,226,2016,54.9,35,73.3
Tunisia,226,2017,54.1,34.9,73.6
Tunisia,226,2018,53.5,32.3,73.3
Turkey,227,2000,61,52,69.6
Turkey,227,2001,60.4,51.7,69
Turkey,227,2002,60,51.1,68.5
Turkey,227,2003,59.4,50.7,67.4
Turkey,227,2004,39,31.4,46.6
Turkey,227,2005,44.5,36.5,52.7
Turkey,227,2006,41.9,33.6,49.9
Turkey,227,2007,41.3,32.9,49.5
Turkey,227,2008,52.2,43.1,60.4
Turkey,227,2009,50.8,42.1,59.3
Turkey,227,2010,49,40.4,57.6
Turkey,227,2011,46.7,38.2,55.8
Turkey,227,2012,52.8,43.9,61.6
Turkey,227,2013,53.8,44.4,62.6
Turkey,227,2014,55.1,45.5,64
Turkey,227,2015,53.4,44.3,62.9
Turkey,227,2016,51.4,42.5,60.4
Turkey,227,2017,43.1,34.4,52.4
Turkey,227,2018,44.2,35.1,53.8
Turkmenistan,222,2000,61,48.9,72.1
Turkmenistan,222,2001,60.2,49.6,70.4
Turkmenistan,222,2002,61.5,50.4,72.5
Turkmenistan,222,2003,59.9,49.2,70.5
Turkmenistan,222,2004,58.8,48.3,69.2
Turkmenistan,222,2005,58.6,48.9,68
Turkmenistan,222,2006,56.5,47.6,65.3
Turkmenistan,222,2007,60.8,50.7,70
Turkmenistan,222,2008,61,50.9,71.1
Turkmenistan,222,2009,62.3,51.6,72.6
Turkmenistan,222,2010,61.2,50,71
Turkmenistan,222,2011,65.7,55.5,74.6
Turkmenistan,222,2012,65.5,54.7,74.5
Turkmenistan,222,2013,65.9,54.7,75.7
Turkmenistan,222,2014,66,55.5,75.2
Turkmenistan,222,2015,64.5,55.2,73.1
Turkmenistan,222,2016,65,57.5,72
Turkmenistan,222,2017,61.8,53.3,71.7
Turkmenistan,222,2018,61.2,50.2,71
Uganda,231,2000,47,39,54.6
Uganda,231,2001,48.3,40,56.5
Uganda,231,2002,50,41.6,58.2
Uganda,231,2003,48,40.2,56
Uganda,231,2004,46.7,39.6,55.2
Uganda,231,2005,53.2,45.6,60.8
Uganda,231,2006,51.7,44.1,59.4
Uganda,231,2007,43.6,36.2,51.5
Uganda,231,2008,43.9,36.6,51.7
Uganda,231,2009,43.9,36.6,51.3
Uganda,231,2010,44.1,37.4,51.2
Uganda,231,2011,52.8,48.1,57.9
Uganda,231,2012,55.9,49.6,62.3
Uganda,231,2013,54.3,47.6,61.1
Uganda,231,2014,56,49.6,62.7
Uganda,231,2015,61.3,56.5,66.1
Uganda,231,2016,57.6,50.9,64.3
Uganda,231,2017,53.9,46.1,61.8
Uganda,231,2018,53.4,45.4,60.8
Ukraine,232,2000,76.5,62.3,86.6
Ukraine,232,2001,76,61.7,86.3
Ukraine,232,2002,76.4,62.2,86.7
Ukraine,232,2003,74,59.4,85.1
Ukraine,232,2004,74,59.3,85.2
Ukraine,232,2005,78.1,64.5,87.4
Ukraine,232,2006,79.4,66.6,88.3
Ukraine,232,2007,79.3,66.5,88.4
Ukraine,232,2008,79.1,66.6,88.3
Ukraine,232,2009,84.1,72.8,91.5
Ukraine,232,2010,80.8,68.4,89.6
Ukraine,232,2011,83.9,72.7,91.3
Ukraine,232,2012,87.8,79,93.5
Ukraine,232,2013,83.4,72.3,91.2
Ukraine,232,2014,82.1,70.4,90.1
Ukraine,232,2015,81.3,69.7,89.8
Ukraine,232,2016,79.2,66.4,88.4
Ukraine,232,2017,79.6,66.9,88.6
Ukraine,232,2018,79.9,67.9,88.8
Uzbekistan,236,2000,65.7,54.2,75.5
Uzbekistan,236,2001,64.2,53.3,74.5
Uzbekistan,236,2002,63.3,52.8,73.6
Uzbekistan,236,2003,61.3,50.1,71.5
Uzbekistan,236,2004,60.2,49.2,69.6
Uzbekistan,236,2005,59.6,50.1,68.2
Uzbekistan,236,2006,59.7,51.9,67.5
Uzbekistan,236,2007,66.1,56.9,74.1
Uzbekistan,236,2008,66.3,56.3,75.2
Uzbekistan,236,2009,66.6,57.2,75.6
Uzbekistan,236,2010,67.1,57.4,76
Uzbekistan,236,2011,67.3,58.5,75.4
Uzbekistan,236,2012,67.4,59.2,75.1
Uzbekistan,236,2013,65.9,56.9,74.7
Uzbekistan,236,2014,62.5,53,71.5
Uzbekistan,236,2015,62.3,52.3,71.6
Uzbekistan,236,2016,78.3,71.1,84.3
Uzbekistan,236,2017,78.4,71.4,84.6
Uzbekistan,236,2018,78.4,70.2,85.2
Vanuatu,243,2000,47.1,20,75
Vanuatu,243,2001,47.2,19.7,75.2
Vanuatu,243,2002,47.4,20.3,73.8
Vanuatu,243,2003,46.7,21.1,74.6
Vanuatu,243,2004,46.5,21.2,74.1
Vanuatu,243,2005,46.7,21,74.7
Vanuatu,243,2006,47.1,22.3,73.4
Vanuatu,243,2007,47.3,24.6,70.8
Vanuatu,243,2008,48.7,33.5,65.6
Vanuatu,243,2009,48.4,27.7,70.1
Vanuatu,243,2010,48.1,25.2,72.2
Vanuatu,243,2011,48,21.8,74.1
Vanuatu,243,2012,47,21.4,74.8
Vanuatu,243,2013,48.3,21.6,76
Vanuatu,243,2014,48,22.6,76
Vanuatu,243,2015,46.9,19.5,74.3
Vanuatu,243,2016,47,20.5,75.6
Vanuatu,243,2017,46.7,20.1,74.6
Vanuatu,243,2018,46.9,22.4,74.5
Venezuela,239,2000,50.9,35.3,66.6
Venezuela,239,2001,51,35.1,67.2
Venezuela,239,2002,51.7,35,68.3
Venezuela,239,2003,51.1,34.9,66.7
Venezuela,239,2004,51.2,34.7,66.6
Venezuela,239,2005,50.5,33.4,65.5
Venezuela,239,2006,50,33.5,65.2
Venezuela,239,2007,49.4,33.1,65
Venezuela,239,2008,50,34.2,65.2
Venezuela,239,2009,52.2,36,67.8
Venezuela,239,2010,53.3,37.7,69
Venezuela,239,2011,53.7,37.9,69.7
Venezuela,239,2012,53.9,37.2,70.4
Venezuela,239,2013,54,37.5,69.9
Venezuela,239,2014,54.3,38,69.6
Venezuela,239,2015,54.8,37.8,69.8
Venezuela,239,2016,54.8,38,70.1
Venezuela,239,2017,54.7,38.1,69.9
Venezuela,239,2018,54.2,38.2,69.3
Vietnam,242,2000,59.2,50.4,66.8
Vietnam,242,2001,61.4,53.2,68.7
Vietnam,242,2002,63.1,55.6,70.3
Vietnam,242,2003,64.6,56.4,71.7
Vietnam,242,2004,66.5,59.2,73.4
Vietnam,242,2005,65.5,58.4,72
Vietnam,242,2006,61.7,55.4,67.9
Vietnam,242,2007,62.1,55.1,68.7
Vietnam,242,2008,63.5,56.4,70.4
Vietnam,242,2009,71.5,64.9,77.8
Vietnam,242,2010,73.8,67.6,79.6
Vietnam,242,2011,74.9,69.1,80.4
Vietnam,242,2012,76.6,71.3,81.5
Vietnam,242,2013,84.5,80.4,88.1
Vietnam,242,2014,85.7,82.6,88.6
Vietnam,242,2015,85.5,81.9,89
Vietnam,242,2016,74.9,69,80.4
Vietnam,242,2017,74.3,68.1,80
Vietnam,242,2018,74.2,67.9,80.2
Western Sahara,69,2000,49.9,19.2,80.7
Western Sahara,69,2001,49.4,19.1,81.7
Western Sahara,69,2002,49,18.8,80.2
Western Sahara,69,2003,48.8,18.3,79.2
Western Sahara,69,2004,56.7,24.4,84.7
Western Sahara,69,2005,58,25.5,84.6
Western Sahara,69,2006,54.4,23.1,82.4
Western Sahara,69,2007,54.5,23.1,82.3
Western Sahara,69,2008,54.1,23.1,83.8
Western Sahara,69,2009,53.9,22.7,83.5
Western Sahara,69,2010,53.7,21.9,83.2
Western Sahara,69,2011,53,23.3,81.9
Western Sahara,69,2012,54.1,24.4,82.9
Western Sahara,69,2013,54.7,25.4,82.6
Western Sahara,69,2014,54.7,24.7,83
Western Sahara,69,2015,54.2,25.4,82
Western Sahara,69,2016,54.8,23,82.5
Western Sahara,69,2017,52.6,20.9,81.4
Western Sahara,69,2018,51.1,21.3,80.6
Yemen,253,2000,42.9,38.1,48.1
Yemen,253,2001,43.4,38.9,48.3
Yemen,253,2002,43.5,39.1,47.9
Yemen,253,2003,38.8,35,42.8
Yemen,253,2004,39.3,35.2,43.5
Yemen,253,2005,40.7,36.6,44.7
Yemen,253,2006,41.7,37.8,45.8
Yemen,253,2007,43.3,39.1,47.7
Yemen,253,2008,45.8,41.2,50.3
Yemen,253,2009,46.6,42.1,51.4
Yemen,253,2010,60.8,56.3,65.3
Yemen,253,2011,64.7,60.5,68.8
Yemen,253,2012,66.2,62.2,70.2
Yemen,253,2013,68,64.2,71.8
Yemen,253,2014,62.7,58.3,67
Yemen,253,2015,67.1,62.8,71.4
Yemen,253,2016,63.3,58.7,67.9
Yemen,253,2017,64.7,59.7,69.4
Yemen,253,2018,63.6,58.6,68.6
Zambia,255,2000,36.4,29.9,43.6
Zambia,255,2001,36.5,29.6,43.8
Zambia,255,2002,36.2,29.5,43.7
Zambia,255,2003,37.6,31.4,44.9
Zambia,255,2004,37.9,31.2,45.3
Zambia,255,2005,38.6,31.7,45.1
Zambia,255,2006,38.4,31.6,44.9
Zambia,255,2007,55.3,48.2,62.3
Zambia,255,2008,56.8,50.8,62.9
Zambia,255,2009,47.2,40.5,53.8
Zambia,255,2010,40.3,33.7,47.4
Zambia,255,2011,39.3,32.2,46.7
Zambia,255,2012,35.7,28.9,43
Zambia,255,2013,42.2,34.5,49.6
Zambia,255,2014,42.7,35.5,50
Zambia,255,2015,43.2,35.7,50.7
Zambia,255,2016,43.7,36.3,51
Zambia,255,2017,44.6,36.4,52.3
Zambia,255,2018,44.6,37.2,52.4
Zimbabwe,256,2000,36.1,28.6,43.9
Zimbabwe,256,2001,35.9,28.9,43.5
Zimbabwe,256,2002,36.1,29,43.9
Zimbabwe,256,2003,34.5,27.6,42
Zimbabwe,256,2004,34.6,27.6,42.4
Zimbabwe,256,2005,33.4,26.2,41
Zimbabwe,256,2006,39.2,31.6,47.5
Zimbabwe,256,2007,40.7,32.9,49.3
Zimbabwe,256,2008,40.6,33.2,49.3
Zimbabwe,256,2009,35.4,28.6,43.3
Zimbabwe,256,2010,36.8,29.4,44.8
Zimbabwe,256,2011,34.5,27,41.8
Zimbabwe,256,2012,34.7,27.8,41.7
Zimbabwe,256,2013,35.9,29.6,42.5
Zimbabwe,256,2014,35.4,30.6,40.3
Zimbabwe,256,2015,42.1,35.3,49.4
Zimbabwe,256,2016,42.2,35.1,49.7
Zimbabwe,256,2017,41.7,34.4,49.4
Zimbabwe,256,2018,41.7,34.4,49.9
